STATION,DATE,LATITUDE,LONGITUDE,ELEVATION,NAME,TEMP,TEMP_ATTRIBUTES,DEWP,DEWP_ATTRIBUTES,SLP,SLP_ATTRIBUTES,STP,STP_ATTRIBUTES,VISIB,VISIB_ATTRIBUTES,WDSP,WDSP_ATTRIBUTES,MXSPD,GUST,MAX,MAX_ATTRIBUTES,MIN,MIN_ATTRIBUTES,PRCP,PRCP_ATTRIBUTES,SNDP,FRSHTT
72295023174,1/1/1999,33.93816,-118.3866,29.7,"LOS ANGELES INTERNATIONAL AIRPORT, CA US",53.5,24,49.2,24,1016.3,24,12.6,24,2.7,24,3.7,24,8,999.9,66,*,44.1,*,0,I,999.9,100000
72295023174,1/2/1999,33.93816,-118.3866,29.7,"LOS ANGELES INTERNATIONAL AIRPORT, CA US",55.2,24,46.1,24,1017.6,24,13.8,24,4.6,24,4.9,24,10.1,999.9,73,*,44.1,*,0.01,G,999.9,100000
72295023174,1/3/1999,33.93816,-118.3866,29.7,"LOS ANGELES INTERNATIONAL AIRPORT, CA US",57.5,24,41.9,24,1017.9,24,14.1,22,5.9,24,3.6,24,7,999.9,77,*,44.1,*,0.01,G,999.9,100000
72295023174,1/4/1999,33.93816,-118.3866,29.7,"LOS ANGELES INTERNATIONAL AIRPORT, CA US",63.2,24,22.3,24,1023,24,19.2,23,9.9,24,4.9,24,8.9,999.9,79,*,51.1,*,0.02,G,999.9,0
72295023174,1/5/1999,33.93816,-118.3866,29.7,"LOS ANGELES INTERNATIONAL AIRPORT, CA US",61.4,24,24.5,24,1022.5,24,18.7,23,9.9,24,5.1,24,11.1,999.9,80.1, ,48.9, ,0,G,999.9,0
72295023174,1/6/1999,33.93816,-118.3866,29.7,"LOS ANGELES INTERNATIONAL AIRPORT, CA US",58.6,24,34.3,24,1020,24,16.3,24,8,24,3.9,24,8,999.9,75.9, ,48.9, ,0,G,999.9,0
72295023174,1/7/1999,33.93816,-118.3866,29.7,"LOS ANGELES INTERNATIONAL AIRPORT, CA US",54.4,24,46,24,1018.6,24,14.8,23,3.8,24,4,24,8,999.9,61,*,46.4,*,0,G,999.9,100000
72295023174,1/8/1999,33.93816,-118.3866,29.7,"LOS ANGELES INTERNATIONAL AIRPORT, CA US",54.9,24,47.1,24,1018.8,24,15,24,3.9,24,4.9,24,10.1,999.9,62.1,*,51.1,*,0.01,G,999.9,100000
72295023174,1/9/1999,33.93816,-118.3866,29.7,"LOS ANGELES INTERNATIONAL AIRPORT, CA US",58.4,24,33.9,24,1021.2,24,17.4,24,7.6,24,4.2,24,12,999.9,73.9,*,46.9,*,0,G,999.9,0
72295023174,1/10/1999,33.93816,-118.3866,29.7,"LOS ANGELES INTERNATIONAL AIRPORT, CA US",61.5,24,29.9,24,1019.6,24,999.9,0,9.8,24,4.8,24,10.1,999.9,80.1,*,51.1,*,0,G,999.9,0
72295023174,1/11/1999,33.93816,-118.3866,29.7,"LOS ANGELES INTERNATIONAL AIRPORT, CA US",60.2,24,42.5,24,1017.3,24,13.5,24,8.5,24,4.5,24,8.9,999.9,80.1, ,50, ,0,G,999.9,0
72295023174,1/12/1999,33.93816,-118.3866,29.7,"LOS ANGELES INTERNATIONAL AIRPORT, CA US",56.1,24,50.3,24,1017.3,24,13.6,24,5.8,24,5.5,24,11.1,999.9,66.9, ,50, ,0,G,999.9,100000
72295023174,1/13/1999,33.93816,-118.3866,29.7,"LOS ANGELES INTERNATIONAL AIRPORT, CA US",53.6,24,48.6,24,1019.3,24,15.5,24,4.1,24,4,24,11.1,999.9,59,*,48,*,0,G,999.9,100000
72295023174,1/14/1999,33.93816,-118.3866,29.7,"LOS ANGELES INTERNATIONAL AIRPORT, CA US",58.1,24,46.6,24,1021.4,24,17.6,24,5.1,24,4.5,24,8.9,999.9,77,*,48.9,*,0,G,999.9,100000
72295023174,1/15/1999,33.93816,-118.3866,29.7,"LOS ANGELES INTERNATIONAL AIRPORT, CA US",62,24,39.4,24,1018.8,24,15,21,9.1,24,3.8,24,10.1,999.9,72,*,54,*,0,G,999.9,0
72295023174,1/16/1999,33.93816,-118.3866,29.7,"LOS ANGELES INTERNATIONAL AIRPORT, CA US",57.4,24,53.7,24,1016.1,24,12.4,24,4.1,24,5.3,24,9.9,999.9,70, ,51.1, ,0,G,999.9,100000
72295023174,1/17/1999,33.93816,-118.3866,29.7,"LOS ANGELES INTERNATIONAL AIRPORT, CA US",58.1,24,54.5,24,1019.3,24,15.6,24,3.5,24,4,24,11.1,999.9,64,*,54,*,0,G,999.9,100000
72295023174,1/18/1999,33.93816,-118.3866,29.7,"LOS ANGELES INTERNATIONAL AIRPORT, CA US",56.3,24,54.5,24,1021.8,24,18.1,24,5.9,24,5.1,24,8.9,999.9,64.9, ,53.1, ,0,G,999.9,100000
72295023174,1/19/1999,33.93816,-118.3866,29.7,"LOS ANGELES INTERNATIONAL AIRPORT, CA US",57.3,24,53.8,24,1021.5,24,17.8,24,6.9,24,5.5,24,13,999.9,60.1,*,55.9,*,0,G,999.9,100000
72295023174,1/20/1999,33.93816,-118.3866,29.7,"LOS ANGELES INTERNATIONAL AIRPORT, CA US",57.6,24,57.5,24,1020.5,24,16.8,24,3.9,24,7.3,24,15,999.9,60.1, ,55.9, ,0.27,G,999.9,110000
72295023174,1/21/1999,33.93816,-118.3866,29.7,"LOS ANGELES INTERNATIONAL AIRPORT, CA US",58.4,24,53.2,24,1020,24,16.3,24,8.4,24,10.4,24,15,999.9,64,*,55,*,0.01,G,999.9,100000
72295023174,1/22/1999,33.93816,-118.3866,29.7,"LOS ANGELES INTERNATIONAL AIRPORT, CA US",57.9,24,40.6,24,1020.8,24,17.6,19,9.5,24,6.9,24,18.1,999.9,64,*,48,*,0,G,999.9,0
72295023174,1/23/1999,33.93816,-118.3866,29.7,"LOS ANGELES INTERNATIONAL AIRPORT, CA US",55.2,24,48.3,24,1019.5,24,15.7,24,7.9,24,3.2,24,10.1,999.9,62.1,*,48.9,*,0,G,999.9,0
72295023174,1/24/1999,33.93816,-118.3866,29.7,"LOS ANGELES INTERNATIONAL AIRPORT, CA US",56.3,24,54.7,24,1015,24,11.3,24,9.1,24,5.7,24,8.9,999.9,63, ,48, ,0,G,999.9,0
72295023174,1/25/1999,33.93816,-118.3866,29.7,"LOS ANGELES INTERNATIONAL AIRPORT, CA US",51.2,24,46.9,24,1011.3,24,7.6,24,8.8,24,9.1,24,15.9,999.9,55.9,*,46.9,*,0.26,G,999.9,110000
72295023174,1/26/1999,33.93816,-118.3866,29.7,"LOS ANGELES INTERNATIONAL AIRPORT, CA US",51.3,24,45.5,24,1018.2,24,14.3,23,9.1,24,9.5,24,15,19,55,*,45,*,0.14,G,999.9,110000
72295023174,1/27/1999,33.93816,-118.3866,29.7,"LOS ANGELES INTERNATIONAL AIRPORT, CA US",49.5,24,44.1,24,1020.9,24,17,24,9.4,24,7,24,18.1,26,59,*,43,*,0.3,G,999.9,110010
72295023174,1/28/1999,33.93816,-118.3866,29.7,"LOS ANGELES INTERNATIONAL AIRPORT, CA US",54.3,24,33.7,24,1023,24,19.1,23,9.9,24,6.2,24,12,15,63, ,42.1, ,0,G,999.9,0
72295023174,1/29/1999,33.93816,-118.3866,29.7,"LOS ANGELES INTERNATIONAL AIRPORT, CA US",53.5,24,43,24,1021.6,24,17.9,22,8.7,24,4.1,24,10.1,999.9,66.9,*,42.1,*,0,G,999.9,0
72295023174,1/30/1999,33.93816,-118.3866,29.7,"LOS ANGELES INTERNATIONAL AIRPORT, CA US",53.5,24,47.7,24,1020.5,24,16.9,22,7,24,5.1,24,8.9,999.9,66.9, ,42.1, ,0,G,999.9,100000
72295023174,1/31/1999,33.93816,-118.3866,29.7,"LOS ANGELES INTERNATIONAL AIRPORT, CA US",55.4,24,52.9,24,1018.3,24,14.5,24,7.2,24,7.7,24,15.9,999.9,63, ,44.1, ,0,G,999.9,110000
72295023174,2/1/1999,33.93816,-118.3866,29.7,"LOS ANGELES INTERNATIONAL AIRPORT, CA US",52.8,24,47.9,24,1022.8,24,18.9,4,8.8,24,6,24,17.1,999.9,61,*,46,*,0.19,G,999.9,0
72295023174,2/2/1999,33.93816,-118.3866,29.7,"LOS ANGELES INTERNATIONAL AIRPORT, CA US",56.8,24,42.6,24,1022.3,24,18.8,4,9.7,24,4.8,24,11.1,999.9,71.1,*,48,*,0,G,999.9,0
72295023174,2/3/1999,33.93816,-118.3866,29.7,"LOS ANGELES INTERNATIONAL AIRPORT, CA US",57.5,24,41.9,24,1017.2,24,14.2,4,9.6,24,5.2,24,11.1,999.9,72, ,46, ,0,G,999.9,0
72295023174,2/4/1999,33.93816,-118.3866,29.7,"LOS ANGELES INTERNATIONAL AIRPORT, CA US",54.5,24,52.5,24,1013.7,23,10.1,4,5.9,24,4.8,24,10.1,999.9,66.9, ,46, ,0,G,999.9,110000
72295023174,2/5/1999,33.93816,-118.3866,29.7,"LOS ANGELES INTERNATIONAL AIRPORT, CA US",53.1,24,51.9,24,1016.6,23,999.9,0,5.1,24,7.2,24,10.1,999.9,57, ,50, ,0.19,G,999.9,110000
72295023174,2/6/1999,33.93816,-118.3866,29.7,"LOS ANGELES INTERNATIONAL AIRPORT, CA US",55.1,24,52.2,24,1024,23,19.9,4,7,24,4.2,24,11.1,999.9,59,*,52,*,0.13,G,999.9,110000
72295023174,2/7/1999,33.93816,-118.3866,29.7,"LOS ANGELES INTERNATIONAL AIRPORT, CA US",53.9,24,51.4,24,1022.7,24,19.2,4,8.4,24,7,24,13,999.9,59,*,48,*,0,G,999.9,100000
72295023174,2/8/1999,33.93816,-118.3866,29.7,"LOS ANGELES INTERNATIONAL AIRPORT, CA US",57.1,24,55.2,23,1020.2,21,999.9,0,6,24,4.8,24,11.1,999.9,60.1, ,48, ,0.01,G,999.9,110000
72295023174,2/9/1999,33.93816,-118.3866,29.7,"LOS ANGELES INTERNATIONAL AIRPORT, CA US",56.6,24,54.4,24,1019.1,22,999.9,0,8,24,6.2,24,12,20,60.1, ,55, ,0,G,999.9,110000
72295023174,2/10/1999,33.93816,-118.3866,29.7,"LOS ANGELES INTERNATIONAL AIRPORT, CA US",50.1,24,30.5,24,1022,24,17.5,4,9.5,24,13.8,24,22,28.9,57,*,45,*,0.17,G,999.9,110000
72295023174,2/11/1999,33.93816,-118.3866,29.7,"LOS ANGELES INTERNATIONAL AIRPORT, CA US",50.5,24,21.6,24,1026.2,24,22.3,4,9.9,24,5.8,24,17.1,21,62.1,*,41,*,0,G,999.9,0
72295023174,2/12/1999,33.93816,-118.3866,29.7,"LOS ANGELES INTERNATIONAL AIRPORT, CA US",57.5,24,15.8,24,1023.8,24,999.9,0,9.9,24,7.4,24,11.1,999.9,75,*,45,*,0,G,999.9,0
72295023174,2/13/1999,33.93816,-118.3866,29.7,"LOS ANGELES INTERNATIONAL AIRPORT, CA US",57.2,24,29.6,24,1021.5,24,17.9,4,9.8,24,5,24,11.1,999.9,75, ,44.1, ,0,G,999.9,0
72295023174,2/14/1999,33.93816,-118.3866,29.7,"LOS ANGELES INTERNATIONAL AIRPORT, CA US",54.6,24,47.2,24,1021,23,999.9,0,7.6,24,6.4,24,12,999.9,70, ,45, ,0,G,999.9,100000
72295023174,2/15/1999,33.93816,-118.3866,29.7,"LOS ANGELES INTERNATIONAL AIRPORT, CA US",53.8,24,47.3,24,1021.2,23,17.1,4,8.2,24,6.8,24,17.1,999.9,62.1,*,46.9,*,0,G,999.9,100000
72295023174,2/16/1999,33.93816,-118.3866,29.7,"LOS ANGELES INTERNATIONAL AIRPORT, CA US",54.5,24,49.2,24,1021.2,23,17.5,4,6.9,24,5.6,24,11.1,999.9,63, ,46, ,0,G,999.9,100000
72295023174,2/17/1999,33.93816,-118.3866,29.7,"LOS ANGELES INTERNATIONAL AIRPORT, CA US",55.9,24,49.8,24,1019.7,24,16.3,4,6.3,24,4.9,24,11.1,999.9,63,*,50,*,0,G,999.9,100000
72295023174,2/18/1999,33.93816,-118.3866,29.7,"LOS ANGELES INTERNATIONAL AIRPORT, CA US",56.2,24,53,24,1017.9,24,14.1,4,3.7,24,4.2,24,8,999.9,64, ,48.9, ,0,G,999.9,100000
72295023174,2/19/1999,33.93816,-118.3866,29.7,"LOS ANGELES INTERNATIONAL AIRPORT, CA US",56.3,24,51.5,24,1017.7,24,14,4,5.4,24,5.5,24,10.1,999.9,62.1,*,51.1,*,0,G,999.9,100000
72295023174,2/20/1999,33.93816,-118.3866,29.7,"LOS ANGELES INTERNATIONAL AIRPORT, CA US",57,24,51,24,1018.6,24,14.8,4,5.2,24,6,24,13,999.9,66,*,50,*,0,G,999.9,100000
72295023174,2/21/1999,33.93816,-118.3866,29.7,"LOS ANGELES INTERNATIONAL AIRPORT, CA US",57.7,24,48.6,24,1020.1,24,16.2,4,8.5,24,7.9,24,15.9,999.9,66.9, ,48.9, ,0,G,999.9,100000
72295023174,2/22/1999,33.93816,-118.3866,29.7,"LOS ANGELES INTERNATIONAL AIRPORT, CA US",61.9,24,26.3,24,1022.2,24,18.4,4,9.9,24,11.3,24,24.1,26,75.9,*,55.9,*,0,G,999.9,0
72295023174,2/23/1999,33.93816,-118.3866,29.7,"LOS ANGELES INTERNATIONAL AIRPORT, CA US",62.3,24,31.1,24,1021.1,24,17.7,4,9.8,24,5.2,24,13,999.9,75.9,*,51.1,*,0,G,999.9,0
72295023174,2/24/1999,33.93816,-118.3866,29.7,"LOS ANGELES INTERNATIONAL AIRPORT, CA US",59.7,23,41.3,23,1017.9,23,999.9,0,8.3,23,5.4,23,12,999.9,77, ,51.1, ,0,G,999.9,0
72295023174,2/25/1999,33.93816,-118.3866,29.7,"LOS ANGELES INTERNATIONAL AIRPORT, CA US",56.6,24,49.7,24,1018.6,24,14.8,4,8.6,24,6.6,24,12,999.9,73.9, ,51.1, ,0,G,999.9,100000
72295023174,2/26/1999,33.93816,-118.3866,29.7,"LOS ANGELES INTERNATIONAL AIRPORT, CA US",54.8,24,47.9,24,1019.1,24,15.4,4,7.9,24,6.8,24,14,999.9,61,*,48.9,*,0,G,999.9,100000
72295023174,2/27/1999,33.93816,-118.3866,29.7,"LOS ANGELES INTERNATIONAL AIRPORT, CA US",55.7,24,47.5,24,1019.9,24,16.1,4,7.7,24,4.8,24,11.1,999.9,64.9,*,48.9,*,0,G,999.9,100000
72295023174,2/28/1999,33.93816,-118.3866,29.7,"LOS ANGELES INTERNATIONAL AIRPORT, CA US",57.4,24,49.1,24,1020.8,24,17,4,7.3,24,3.9,24,12,999.9,66,*,51.1,*,0,G,999.9,0
72295023174,3/1/1999,33.93816,-118.3866,29.7,"LOS ANGELES INTERNATIONAL AIRPORT, CA US",58.3,24,50.8,24,1018.9,24,15.3,4,7.1,24,3.9,24,12,999.9,66.9, ,50, ,0.01,G,999.9,100000
72295023174,3/2/1999,33.93816,-118.3866,29.7,"LOS ANGELES INTERNATIONAL AIRPORT, CA US",57.9,24,52.6,24,1016.6,23,12.8,4,5.3,24,4.7,24,13,999.9,68,*,50,*,0,G,999.9,100000
72295023174,3/3/1999,33.93816,-118.3866,29.7,"LOS ANGELES INTERNATIONAL AIRPORT, CA US",56.5,24,50.9,24,1015.8,21,999.9,0,5.4,24,5.5,24,14,999.9,70, ,50, ,0,G,999.9,100000
72295023174,3/4/1999,33.93816,-118.3866,29.7,"LOS ANGELES INTERNATIONAL AIRPORT, CA US",56.5,23,50.5,23,1015.1,22,999.9,0,7,23,8.4,23,15,20,64.9, ,50, ,0.01,G,999.9,100000
72295023174,3/5/1999,33.93816,-118.3866,29.7,"LOS ANGELES INTERNATIONAL AIRPORT, CA US",56,24,47.6,24,1016.7,24,12.8,4,9.2,24,5.6,24,12,999.9,62.1,*,51.1,*,0,G,999.9,0
72295023174,3/6/1999,33.93816,-118.3866,29.7,"LOS ANGELES INTERNATIONAL AIRPORT, CA US",54.7,24,47.1,24,1015.7,24,12,4,9.2,24,6.5,24,13,999.9,63, ,51.1, ,0,G,999.9,0
72295023174,3/7/1999,33.93816,-118.3866,29.7,"LOS ANGELES INTERNATIONAL AIRPORT, CA US",54,24,41,24,1012.4,24,8.8,4,9.9,24,9,24,15,18.1,60.1,*,50,*,0,G,999.9,0
72295023174,3/8/1999,33.93816,-118.3866,29.7,"LOS ANGELES INTERNATIONAL AIRPORT, CA US",54.5,24,45.1,24,1017.5,24,13.1,4,9.4,24,8.4,24,17.1,999.9,62.1,*,46.9,*,0,G,999.9,0
72295023174,3/9/1999,33.93816,-118.3866,29.7,"LOS ANGELES INTERNATIONAL AIRPORT, CA US",53.1,24,46.5,24,1018.7,24,999.9,0,7.9,24,7,24,13,999.9,59,*,48,*,0,G,999.9,110000
72295023174,3/10/1999,33.93816,-118.3866,29.7,"LOS ANGELES INTERNATIONAL AIRPORT, CA US",51.7,24,40.9,24,1018.5,24,14.9,4,9.7,24,8.5,24,15,999.9,57.9,*,43,*,0.15,G,999.9,0
72295023174,3/11/1999,33.93816,-118.3866,29.7,"LOS ANGELES INTERNATIONAL AIRPORT, CA US",51.5,24,42,24,1016.2,24,12.5,4,9.4,24,8.7,24,15.9,999.9,57.9, ,43, ,0,G,999.9,10000
72295023174,3/12/1999,33.93816,-118.3866,29.7,"LOS ANGELES INTERNATIONAL AIRPORT, CA US",52.2,24,42.8,24,1018.9,24,14.9,4,7.6,24,7.9,24,15,999.9,62.1,*,43,*,0.09,G,999.9,100000
72295023174,3/13/1999,33.93816,-118.3866,29.7,"LOS ANGELES INTERNATIONAL AIRPORT, CA US",56.4,24,45.2,24,1018.1,24,14.4,4,7.1,24,5,24,13,999.9,69.1,*,48.9,*,0,G,999.9,100000
72295023174,3/14/1999,33.93816,-118.3866,29.7,"LOS ANGELES INTERNATIONAL AIRPORT, CA US",55.8,24,50.1,24,1015.5,24,12.2,4,7.5,24,5.1,24,13,999.9,69.1, ,48, ,0,G,999.9,100000
72295023174,3/15/1999,33.93816,-118.3866,29.7,"LOS ANGELES INTERNATIONAL AIRPORT, CA US",53,24,44.5,24,1011,21,999.9,0,9,24,10.3,24,18.1,999.9,57,*,48.9,*,0,G,999.9,110000
72295023174,3/16/1999,33.93816,-118.3866,29.7,"LOS ANGELES INTERNATIONAL AIRPORT, CA US",51.4,24,41.7,24,1014.6,24,10.8,4,9.9,24,6.3,24,12,999.9,57,*,48,*,0.67,G,999.9,10000
72295023174,3/17/1999,33.93816,-118.3866,29.7,"LOS ANGELES INTERNATIONAL AIRPORT, CA US",53.9,24,45.9,24,1016.8,24,12.7,4,8.7,24,5.9,24,11.1,15,60.1, ,46.9, ,0.01,G,999.9,0
72295023174,3/18/1999,33.93816,-118.3866,29.7,"LOS ANGELES INTERNATIONAL AIRPORT, CA US",56.8,23,47.6,23,1019.4,23,999.9,0,8.1,23,6.1,23,12,14,62.1,*,51.1,*,0,G,999.9,100000
72295023174,3/19/1999,33.93816,-118.3866,29.7,"LOS ANGELES INTERNATIONAL AIRPORT, CA US",55.4,24,47.5,24,1017.6,24,14.1,4,8,24,5.6,24,11.1,999.9,62.1,*,50,*,0,G,999.9,100000
72295023174,3/20/1999,33.93816,-118.3866,29.7,"LOS ANGELES INTERNATIONAL AIRPORT, CA US",55.8,24,49.7,24,1018.6,20,999.9,0,8,24,7.6,24,15,15.9,63, ,48.9, ,0.09,G,999.9,110000
72295023174,3/21/1999,33.93816,-118.3866,29.7,"LOS ANGELES INTERNATIONAL AIRPORT, CA US",56,24,47.1,24,1020.6,23,16.8,4,9.6,24,7.1,24,15.9,20,62.1,*,48.9,*,0.21,G,999.9,0
72295023174,3/22/1999,33.93816,-118.3866,29.7,"LOS ANGELES INTERNATIONAL AIRPORT, CA US",56.3,24,48.5,24,1017.5,24,999.9,0,9.1,24,7.4,24,15.9,999.9,62.1, ,48.9, ,0,G,999.9,0
72295023174,3/23/1999,33.93816,-118.3866,29.7,"LOS ANGELES INTERNATIONAL AIRPORT, CA US",55.9,24,48.6,24,1017.2,21,999.9,0,9.4,24,7.1,24,13,999.9,62.6,*,51.1,*,0,G,999.9,10000
72295023174,3/24/1999,33.93816,-118.3866,29.7,"LOS ANGELES INTERNATIONAL AIRPORT, CA US",55.4,24,47.8,24,1017.2,24,999.9,0,9.1,24,6.4,24,14,999.9,63, ,48, ,0.01,G,999.9,0
72295023174,3/25/1999,33.93816,-118.3866,29.7,"LOS ANGELES INTERNATIONAL AIRPORT, CA US",54.3,24,49.2,24,1014.3,23,10.7,4,7.5,24,7.6,24,14,999.9,63, ,48, ,0,G,999.9,110000
72295023174,3/26/1999,33.93816,-118.3866,29.7,"LOS ANGELES INTERNATIONAL AIRPORT, CA US",53.9,24,47.9,24,1011.5,24,8.2,4,7.2,24,7.1,24,12,999.9,64,*,46,*,0.88,G,999.9,110000
72295023174,3/27/1999,33.93816,-118.3866,29.7,"LOS ANGELES INTERNATIONAL AIRPORT, CA US",59.2,24,52.8,24,1014.1,20,9.5,4,7,24,6.2,24,12,999.9,64, ,46, ,0,G,999.9,100000
72295023174,3/28/1999,33.93816,-118.3866,29.7,"LOS ANGELES INTERNATIONAL AIRPORT, CA US",57.5,24,51.3,24,1018.7,21,999.9,0,5.8,24,5.5,24,12,999.9,63,*,51.8,*,0,G,999.9,100000
72295023174,3/29/1999,33.93816,-118.3866,29.7,"LOS ANGELES INTERNATIONAL AIRPORT, CA US",58.9,24,51,24,1017.9,24,14.5,4,6.8,24,4.7,24,12,999.9,66.9,*,52,*,0,G,999.9,100000
72295023174,3/30/1999,33.93816,-118.3866,29.7,"LOS ANGELES INTERNATIONAL AIRPORT, CA US",58.6,24,51.1,24,1014.8,24,11.1,4,6.5,24,5.5,24,14,999.9,66.9, ,51.1, ,0.01,G,999.9,100000
72295023174,3/31/1999,33.93816,-118.3866,29.7,"LOS ANGELES INTERNATIONAL AIRPORT, CA US",55.4,24,45.7,24,1013.9,24,10.5,4,8.9,24,13.5,24,28.9,33,60.1,*,51.1,*,0,G,999.9,0
72295023174,4/1/1999,33.93816,-118.3866,29.7,"LOS ANGELES INTERNATIONAL AIRPORT, CA US",54.9,24,33.4,24,1010.6,23,999.9,0,9.7,24,9.3,24,26,28.9,61, ,50, ,0,G,999.9,10000
72295023174,4/2/1999,33.93816,-118.3866,29.7,"LOS ANGELES INTERNATIONAL AIRPORT, CA US",53,24,38.6,24,1011,24,6.6,4,9.5,24,8.3,24,14,999.9,63,*,44.1,*,0.09,G,999.9,0
72295023174,4/3/1999,33.93816,-118.3866,29.7,"LOS ANGELES INTERNATIONAL AIRPORT, CA US",54.9,24,46.1,24,1015.7,24,12.2,4,8.7,24,8.7,24,17.1,22,63, ,43, ,0,G,999.9,0
72295023174,4/4/1999,33.93816,-118.3866,29.7,"LOS ANGELES INTERNATIONAL AIRPORT, CA US",53,24,31,24,1009,24,4.9,4,9.6,24,12.5,24,33,42.9,61,*,46,*,0,G,999.9,0
72295023174,4/5/1999,33.93816,-118.3866,29.7,"LOS ANGELES INTERNATIONAL AIRPORT, CA US",53.5,24,34.4,24,1017.5,24,13.6,4,9.8,24,7.5,24,13,15,61,*,45,*,0,G,999.9,0
72295023174,4/6/1999,33.93816,-118.3866,29.7,"LOS ANGELES INTERNATIONAL AIRPORT, CA US",53.8,24,45.4,24,1014.5,23,10.8,4,7.9,24,7.8,24,12,999.9,63, ,45, ,0,G,999.9,110000
72295023174,4/7/1999,33.93816,-118.3866,29.7,"LOS ANGELES INTERNATIONAL AIRPORT, CA US",52.4,24,44.1,24,1017,23,12.6,4,9.3,24,7.7,24,12,15,57.9,*,46.4,*,0.44,G,999.9,10010
72295023174,4/8/1999,33.93816,-118.3866,29.7,"LOS ANGELES INTERNATIONAL AIRPORT, CA US",55.3,24,44.5,24,1024.8,24,999.9,0,9.5,24,8.4,24,15,15.9,60.1,*,51.1,*,0.3,G,999.9,0
72295023174,4/9/1999,33.93816,-118.3866,29.7,"LOS ANGELES INTERNATIONAL AIRPORT, CA US",52.2,24,34.5,24,1023,23,19.3,4,9.7,24,16,24,27,29.9,57,*,46,*,0.06,G,999.9,10000
72295023174,4/10/1999,33.93816,-118.3866,29.7,"LOS ANGELES INTERNATIONAL AIRPORT, CA US",55.3,24,32.4,24,1020.4,24,17.1,4,9.9,24,9.4,24,26,30.9,63,*,46.9,*,0,G,999.9,0
72295023174,4/11/1999,33.93816,-118.3866,29.7,"LOS ANGELES INTERNATIONAL AIRPORT, CA US",54.1,24,45.7,24,1015.2,24,11.8,4,8.3,24,9.1,24,15.9,22.9,64, ,45, ,0,G,999.9,110000
72295023174,4/12/1999,33.93816,-118.3866,29.7,"LOS ANGELES INTERNATIONAL AIRPORT, CA US",51.2,24,47,24,1016.8,21,12.3,4,4.9,24,5.1,24,17.1,23.9,57,*,44.6,*,1.35,G,999.9,110000
72295023174,4/13/1999,33.93816,-118.3866,29.7,"LOS ANGELES INTERNATIONAL AIRPORT, CA US",56.3,24,49.7,24,1022.5,24,18.2,4,8.3,24,7.6,24,13,999.9,62.1,*,50,*,0.01,G,999.9,100000
72295023174,4/14/1999,33.93816,-118.3866,29.7,"LOS ANGELES INTERNATIONAL AIRPORT, CA US",55.9,23,51,23,1020.8,16,17,4,5.7,23,6.3,23,11.1,999.9,63, ,50, ,0,G,999.9,100000
72295023174,4/15/1999,33.93816,-118.3866,29.7,"LOS ANGELES INTERNATIONAL AIRPORT, CA US",57.3,24,53.4,24,1015.2,13,11.7,4,2.5,24,5.1,24,11.1,999.9,64.9,*,53.6,*,0,G,999.9,100000
72295023174,4/16/1999,33.93816,-118.3866,29.7,"LOS ANGELES INTERNATIONAL AIRPORT, CA US",63.1,24,47.6,24,1015.5,22,11.6,4,6.9,24,5.9,24,13,999.9,75.9,*,53.6,*,0,G,999.9,100000
72295023174,4/17/1999,33.93816,-118.3866,29.7,"LOS ANGELES INTERNATIONAL AIRPORT, CA US",69.8,24,44.3,24,1015.9,24,12.3,4,9.2,24,5.5,24,12,999.9,84,*,62.1,*,0,G,999.9,0
72295023174,4/18/1999,33.93816,-118.3866,29.7,"LOS ANGELES INTERNATIONAL AIRPORT, CA US",67.1,24,49,24,1017.9,24,14.1,4,7.7,24,5.5,24,12,999.9,77,*,57.9,*,0,G,999.9,0
72295023174,4/19/1999,33.93816,-118.3866,29.7,"LOS ANGELES INTERNATIONAL AIRPORT, CA US",65,24,53.5,24,1018.2,24,14.5,4,6.6,24,5.3,24,12,999.9,79,*,57,*,0,G,999.9,100000
72295023174,4/20/1999,33.93816,-118.3866,29.7,"LOS ANGELES INTERNATIONAL AIRPORT, CA US",63.9,24,54.4,24,1014.4,24,999.9,0,7.4,24,5.9,24,12,999.9,80.1, ,55.9, ,0,G,999.9,0
72295023174,4/21/1999,33.93816,-118.3866,29.7,"LOS ANGELES INTERNATIONAL AIRPORT, CA US",62.1,24,53.2,24,1010.8,24,7.4,4,6.9,24,6.9,24,15,999.9,71.1, ,57, ,0,G,999.9,0
72295023174,4/22/1999,33.93816,-118.3866,29.7,"LOS ANGELES INTERNATIONAL AIRPORT, CA US",59.5,24,51.1,24,1007.7,23,999.9,0,7.6,24,6.6,24,13,999.9,66, ,55.9, ,0,G,999.9,0
72295023174,4/23/1999,33.93816,-118.3866,29.7,"LOS ANGELES INTERNATIONAL AIRPORT, CA US",59.4,24,49.3,24,1009.5,23,5.2,4,8,24,7.5,24,12,999.9,66.9,*,55.9,*,0,G,999.9,0
72295023174,4/24/1999,33.93816,-118.3866,29.7,"LOS ANGELES INTERNATIONAL AIRPORT, CA US",60.3,24,51.9,24,1015.3,23,999.9,0,7.5,24,7.5,24,15,999.9,69.1, ,55, ,0,G,999.9,0
72295023174,4/25/1999,33.93816,-118.3866,29.7,"LOS ANGELES INTERNATIONAL AIRPORT, CA US",58.6,24,50.5,24,1018.9,24,15.1,4,8.3,24,7.6,24,15,15.9,64.9, ,55.9, ,0,G,999.9,0
72295023174,4/26/1999,33.93816,-118.3866,29.7,"LOS ANGELES INTERNATIONAL AIRPORT, CA US",59.2,24,50.5,24,1018.2,24,14.8,4,8,24,7.3,24,15,999.9,64,*,55.9,*,0,G,999.9,0
72295023174,4/27/1999,33.93816,-118.3866,29.7,"LOS ANGELES INTERNATIONAL AIRPORT, CA US",59.6,24,52,24,1015.7,24,12.3,4,5.8,24,6.2,24,12,999.9,64.9, ,55, ,0,G,999.9,0
72295023174,4/28/1999,33.93816,-118.3866,29.7,"LOS ANGELES INTERNATIONAL AIRPORT, CA US",57.8,24,47.8,24,1011.5,24,999.9,0,7.9,24,10.9,24,31.1,34,64,*,51.1,*,0,G,999.9,0
72295023174,4/29/1999,33.93816,-118.3866,29.7,"LOS ANGELES INTERNATIONAL AIRPORT, CA US",56.9,24,43.1,24,1009.3,22,999.9,0,9,24,10.5,24,26,33,64,*,48.9,*,0,G,999.9,10000
72295023174,4/30/1999,33.93816,-118.3866,29.7,"LOS ANGELES INTERNATIONAL AIRPORT, CA US",58,24,46.5,24,1014.9,24,10.5,4,8.2,24,6.5,24,8.9,999.9,64, ,48, ,0,G,999.9,0
72295023174,5/1/1999,33.93816,-118.3866,29.7,"LOS ANGELES INTERNATIONAL AIRPORT, CA US",58.2,24,48.6,24,1017.6,24,13.4,4,7.9,24,7.3,24,15,19,64.9,*,51.1,*,0,G,999.9,0
72295023174,5/2/1999,33.93816,-118.3866,29.7,"LOS ANGELES INTERNATIONAL AIRPORT, CA US",57.7,24,49.4,24,1016,23,12.6,4,7.3,24,6.6,24,14,999.9,64.9, ,51.1, ,0,G,999.9,0
72295023174,5/3/1999,33.93816,-118.3866,29.7,"LOS ANGELES INTERNATIONAL AIRPORT, CA US",59.3,24,50.5,24,1014.1,24,10.5,4,8.7,24,8.1,24,17.1,21,64.9, ,53.1, ,0,G,999.9,0
72295023174,5/4/1999,33.93816,-118.3866,29.7,"LOS ANGELES INTERNATIONAL AIRPORT, CA US",59,23,50.2,23,1014.3,22,999.9,0,6.9,23,8.1,23,13,16.9,66,*,54,*,0,G,999.9,0
72295023174,5/5/1999,33.93816,-118.3866,29.7,"LOS ANGELES INTERNATIONAL AIRPORT, CA US",59.9,24,50.5,24,1015,24,999.9,0,7.6,24,5.6,24,12,14,69.1, ,52, ,0,G,999.9,0
72295023174,5/6/1999,33.93816,-118.3866,29.7,"LOS ANGELES INTERNATIONAL AIRPORT, CA US",63.3,24,52.7,24,1015.9,24,999.9,0,7.3,24,6.3,24,13,999.9,70,*,57,*,0,G,999.9,0
72295023174,5/7/1999,33.93816,-118.3866,29.7,"LOS ANGELES INTERNATIONAL AIRPORT, CA US",62.9,24,55,24,1014.1,23,10.8,4,6.2,24,5.9,24,14,999.9,72, ,57, ,0,G,999.9,100000
72295023174,5/8/1999,33.93816,-118.3866,29.7,"LOS ANGELES INTERNATIONAL AIRPORT, CA US",62.4,24,54.2,24,1012.4,24,8.6,4,6.4,24,5,24,8.9,14,70, ,57, ,0,G,999.9,0
72295023174,5/9/1999,33.93816,-118.3866,29.7,"LOS ANGELES INTERNATIONAL AIRPORT, CA US",62.6,24,53.3,24,1013.8,24,9.9,4,6.7,24,7,24,13,18.1,66.9,*,59,*,0,G,999.9,0
72295023174,5/10/1999,33.93816,-118.3866,29.7,"LOS ANGELES INTERNATIONAL AIRPORT, CA US",61.5,24,52.2,24,1014.8,21,999.9,0,6.7,24,6.6,24,15.9,999.9,66.9,*,57,*,0,G,999.9,0
72295023174,5/11/1999,33.93816,-118.3866,29.7,"LOS ANGELES INTERNATIONAL AIRPORT, CA US",62.4,24,53,24,1013.4,24,9.8,4,6.4,24,6.1,24,14,999.9,69.1,*,55.9,*,0,G,999.9,0
72295023174,5/12/1999,33.93816,-118.3866,29.7,"LOS ANGELES INTERNATIONAL AIRPORT, CA US",63.3,24,55.9,24,1012.6,24,8.9,4,5.3,24,5.8,24,12,999.9,68,*,59,*,0,G,999.9,100000
72295023174,5/13/1999,33.93816,-118.3866,29.7,"LOS ANGELES INTERNATIONAL AIRPORT, CA US",63.2,24,55.6,24,1011.7,24,7.9,4,6.4,24,7.6,24,13,15.9,69.1, ,57.9, ,0,G,999.9,110000
72295023174,5/14/1999,33.93816,-118.3866,29.7,"LOS ANGELES INTERNATIONAL AIRPORT, CA US",63.6,24,54.2,24,1014.2,23,999.9,0,7.6,24,7.4,24,14,15,70, ,59, ,0,G,999.9,0
72295023174,5/15/1999,33.93816,-118.3866,29.7,"LOS ANGELES INTERNATIONAL AIRPORT, CA US",62.5,24,51.9,24,1015.1,24,11.2,4,8,24,5.9,24,13,18.1,69.1, ,59, ,0,G,999.9,0
72295023174,5/16/1999,33.93816,-118.3866,29.7,"LOS ANGELES INTERNATIONAL AIRPORT, CA US",62.1,24,51.7,24,1015.4,24,11.7,4,8.9,24,7.1,24,13,16.9,68,*,57,*,0,G,999.9,0
72295023174,5/17/1999,33.93816,-118.3866,29.7,"LOS ANGELES INTERNATIONAL AIRPORT, CA US",64.5,24,53.8,24,1015.5,24,999.9,0,8.2,24,5.9,24,12,999.9,72,*,57.9,*,0,G,999.9,0
72295023174,5/18/1999,33.93816,-118.3866,29.7,"LOS ANGELES INTERNATIONAL AIRPORT, CA US",65.2,24,57.1,24,1013.8,23,10.2,4,7.3,24,6.7,24,13,999.9,73.9, ,57.9, ,0,G,999.9,100000
72295023174,5/19/1999,33.93816,-118.3866,29.7,"LOS ANGELES INTERNATIONAL AIRPORT, CA US",64.9,24,55.8,24,1013.8,24,999.9,0,7.8,24,7.1,24,12,999.9,72, ,57.9, ,0,G,999.9,0
72295023174,5/20/1999,33.93816,-118.3866,29.7,"LOS ANGELES INTERNATIONAL AIRPORT, CA US",63,24,53.4,24,1015.3,24,999.9,0,9.1,24,7.9,24,15,999.9,71.1, ,60.1, ,0,G,999.9,0
72295023174,5/21/1999,33.93816,-118.3866,29.7,"LOS ANGELES INTERNATIONAL AIRPORT, CA US",62.5,24,51.7,24,1013.4,23,9.8,4,9.4,24,7,24,15,15.9,69.1, ,59, ,0,G,999.9,0
72295023174,5/22/1999,33.93816,-118.3866,29.7,"LOS ANGELES INTERNATIONAL AIRPORT, CA US",62.3,24,49.2,24,1014,22,999.9,0,9.8,24,6.8,24,12,999.9,66.9, ,60.1, ,0,G,999.9,0
72295023174,5/23/1999,33.93816,-118.3866,29.7,"LOS ANGELES INTERNATIONAL AIRPORT, CA US",62.6,24,53.1,24,1016.6,22,999.9,0,8.3,24,5.5,24,14,999.9,69.1, ,59, ,0,G,999.9,10000
72295023174,5/24/1999,33.93816,-118.3866,29.7,"LOS ANGELES INTERNATIONAL AIRPORT, CA US",62.7,24,55.7,24,1017,24,13.6,4,8.1,24,7.9,24,15.9,999.9,68,*,57.9,*,0,G,999.9,100000
72295023174,5/25/1999,33.93816,-118.3866,29.7,"LOS ANGELES INTERNATIONAL AIRPORT, CA US",64.2,24,57.1,24,1015.8,24,12.1,4,7,24,7.4,24,12,999.9,69.1,*,60.8,*,0,G,999.9,0
72295023174,5/26/1999,33.93816,-118.3866,29.7,"LOS ANGELES INTERNATIONAL AIRPORT, CA US",65.6,24,56.9,24,1016.3,23,999.9,0,6,24,6,24,13,999.9,71.1, ,61, ,0,G,999.9,0
72295023174,5/27/1999,33.93816,-118.3866,29.7,"LOS ANGELES INTERNATIONAL AIRPORT, CA US",64.6,24,56.9,24,1016.5,24,12.9,4,6.3,24,7.5,24,12,999.9,72, ,62.1, ,0,G,999.9,0
72295023174,5/28/1999,33.93816,-118.3866,29.7,"LOS ANGELES INTERNATIONAL AIRPORT, CA US",63.6,24,57.1,24,1014.9,24,11.3,4,5.1,24,6.9,24,14,999.9,70, ,60.1, ,0,G,999.9,100000
72295023174,5/29/1999,33.93816,-118.3866,29.7,"LOS ANGELES INTERNATIONAL AIRPORT, CA US",62.7,24,55.2,24,1014.2,23,10.4,4,8,24,7.5,24,14,999.9,70, ,60.1, ,0,G,999.9,100000
72295023174,5/30/1999,33.93816,-118.3866,29.7,"LOS ANGELES INTERNATIONAL AIRPORT, CA US",62.4,24,52.9,24,1015.9,24,12.1,4,9.1,24,8.8,24,14,999.9,69.1, ,59, ,0,G,999.9,0
72295023174,5/31/1999,33.93816,-118.3866,29.7,"LOS ANGELES INTERNATIONAL AIRPORT, CA US",62.2,24,51.3,24,1018.3,23,999.9,0,9.9,24,8.9,24,19,999.9,69.3,*,59,*,0,G,999.9,0
72295023174,6/1/1999,33.93816,-118.3866,29.7,"LOS ANGELES INTERNATIONAL AIRPORT, CA US",62.2,24,54,24,1016.8,22,999.9,0,9.7,24,7.2,24,15.9,999.9,67.6,*,57,*,0,G,999.9,0
72295023174,6/2/1999,33.93816,-118.3866,29.7,"LOS ANGELES INTERNATIONAL AIRPORT, CA US",61.2,24,52,24,1014.2,24,10.3,4,8.9,24,11.1,24,17.1,999.9,70, ,55.9, ,0.52,G,999.9,110000
72295023174,6/3/1999,33.93816,-118.3866,29.7,"LOS ANGELES INTERNATIONAL AIRPORT, CA US",60.3,24,49.1,24,1015.7,23,12.3,4,9.4,24,8.6,24,13,18.1,66.9, ,55.9, ,0.05,G,999.9,110000
72295023174,6/4/1999,33.93816,-118.3866,29.7,"LOS ANGELES INTERNATIONAL AIRPORT, CA US",59.7,24,48.1,24,1015.8,24,11.8,4,9.7,24,7.4,24,13,15,66,*,53.1,*,0.02,G,999.9,10000
72295023174,6/5/1999,33.93816,-118.3866,29.7,"LOS ANGELES INTERNATIONAL AIRPORT, CA US",61.1,24,52.2,24,1017.8,21,999.9,0,9.1,24,7.2,24,15,999.9,68,*,55.9,*,0,G,999.9,0
72295023174,6/6/1999,33.93816,-118.3866,29.7,"LOS ANGELES INTERNATIONAL AIRPORT, CA US",61.9,24,55,24,1016.9,20,13.4,4,7.2,24,7.3,24,14,999.9,68, ,55.9, ,0,G,999.9,100000
72295023174,6/7/1999,33.93816,-118.3866,29.7,"LOS ANGELES INTERNATIONAL AIRPORT, CA US",62.5,24,55.7,24,1014.8,23,11.2,4,6.1,24,6.1,24,13,999.9,68,*,59,*,0,G,999.9,100000
72295023174,6/8/1999,33.93816,-118.3866,29.7,"LOS ANGELES INTERNATIONAL AIRPORT, CA US",62.5,24,54.1,24,1013.8,24,999.9,0,7.5,24,6.9,24,13,999.9,69.1, ,57, ,0,G,999.9,0
72295023174,6/9/1999,33.93816,-118.3866,29.7,"LOS ANGELES INTERNATIONAL AIRPORT, CA US",63.9,24,54.2,24,1013.9,23,999.9,0,7.3,24,7.2,24,13,999.9,70,*,60.1,*,0,G,999.9,0
72295023174,6/10/1999,33.93816,-118.3866,29.7,"LOS ANGELES INTERNATIONAL AIRPORT, CA US",63.3,24,54.5,24,1014.5,23,999.9,0,7.7,24,7.1,24,14,999.9,70, ,59, ,0,G,999.9,0
72295023174,6/11/1999,33.93816,-118.3866,29.7,"LOS ANGELES INTERNATIONAL AIRPORT, CA US",63,24,55.8,24,1014.9,24,11.2,4,6.8,24,6.5,24,15.9,999.9,69.1, ,59, ,0,G,999.9,0
72295023174,6/12/1999,33.93816,-118.3866,29.7,"LOS ANGELES INTERNATIONAL AIRPORT, CA US",62.6,24,57.7,24,1015.8,24,11.9,4,4.7,24,6.1,24,13,999.9,70, ,60.1, ,0,G,999.9,100000
72295023174,6/13/1999,33.93816,-118.3866,29.7,"LOS ANGELES INTERNATIONAL AIRPORT, CA US",64.4,24,58,24,1015.2,24,999.9,0,7.8,24,5.6,24,12,999.9,71.1,*,60.1,*,0,G,999.9,0
72295023174,6/14/1999,33.93816,-118.3866,29.7,"LOS ANGELES INTERNATIONAL AIRPORT, CA US",66.2,24,60.3,24,1011.9,24,8.4,4,6.9,24,5.7,24,12,999.9,75,*,62.1,*,0,G,999.9,100000
72295023174,6/15/1999,33.93816,-118.3866,29.7,"LOS ANGELES INTERNATIONAL AIRPORT, CA US",66.3,24,61.7,24,1011.5,20,8,4,5.9,24,5.8,24,14,999.9,75, ,61, ,0,G,999.9,100000
72295023174,6/16/1999,33.93816,-118.3866,29.7,"LOS ANGELES INTERNATIONAL AIRPORT, CA US",66,24,60.6,24,1012.4,24,8.9,4,5.6,24,5.9,24,13,15.9,72, ,63, ,0,G,999.9,100000
72295023174,6/17/1999,33.93816,-118.3866,29.7,"LOS ANGELES INTERNATIONAL AIRPORT, CA US",64.3,24,60.2,24,1013.3,21,9.6,4,4.5,24,6.7,24,13,999.9,69.1, ,60.1, ,0,G,999.9,100000
72295023174,6/18/1999,33.93816,-118.3866,29.7,"LOS ANGELES INTERNATIONAL AIRPORT, CA US",63.9,24,60.5,24,1014.1,24,999.9,0,3.5,24,6.9,24,12,999.9,70, ,62.1, ,0,G,999.9,100000
72295023174,6/19/1999,33.93816,-118.3866,29.7,"LOS ANGELES INTERNATIONAL AIRPORT, CA US",63.2,24,58.9,24,1012.6,21,999.9,0,3,24,6.7,24,13,999.9,69.1,*,55.4,*,0,G,999.9,100000
72295023174,6/20/1999,33.93816,-118.3866,29.7,"LOS ANGELES INTERNATIONAL AIRPORT, CA US",64.5,24,59.1,24,1010,23,6.6,4,4.6,24,6.4,24,13,999.9,71.1,*,61,*,0,G,999.9,100000
72295023174,6/21/1999,33.93816,-118.3866,29.7,"LOS ANGELES INTERNATIONAL AIRPORT, CA US",65.2,24,59.1,24,1009.3,23,5.7,4,5.3,24,6.3,24,12,999.9,73, ,61, ,0,G,999.9,100000
72295023174,6/22/1999,33.93816,-118.3866,29.7,"LOS ANGELES INTERNATIONAL AIRPORT, CA US",65.6,24,58.6,24,1009.8,24,999.9,0,7.9,24,7.2,24,12,999.9,72, ,62.1, ,0,G,999.9,0
72295023174,6/23/1999,33.93816,-118.3866,29.7,"LOS ANGELES INTERNATIONAL AIRPORT, CA US",65.6,24,60.7,24,1011.8,23,8,4,7.6,24,7.5,24,13,14,71.1, ,62.1, ,0,G,999.9,100000
72295023174,6/24/1999,33.93816,-118.3866,29.7,"LOS ANGELES INTERNATIONAL AIRPORT, CA US",65.4,24,60.5,24,1012.2,23,8.6,4,6,24,8,24,14,999.9,71.1, ,61, ,0,G,999.9,100000
72295023174,6/25/1999,33.93816,-118.3866,29.7,"LOS ANGELES INTERNATIONAL AIRPORT, CA US",64.8,24,59.8,24,1011.3,24,7.9,4,6.7,24,7.9,24,14,999.9,71.1, ,61, ,0,G,999.9,100000
72295023174,6/26/1999,33.93816,-118.3866,29.7,"LOS ANGELES INTERNATIONAL AIRPORT, CA US",66.3,24,60.2,24,1010.1,23,6.5,4,6.6,24,6.6,24,12,999.9,72,*,62.6,*,0,G,999.9,100000
72295023174,6/27/1999,33.93816,-118.3866,29.7,"LOS ANGELES INTERNATIONAL AIRPORT, CA US",66.5,24,59.9,24,1010.8,21,6.8,4,6.9,24,7.2,24,13,999.9,71.1,*,62.6,*,0,G,999.9,100000
72295023174,6/28/1999,33.93816,-118.3866,29.7,"LOS ANGELES INTERNATIONAL AIRPORT, CA US",66.1,24,61.5,24,1013.3,24,9.2,4,5.2,24,6.8,24,12,999.9,72, ,63, ,0,G,999.9,100000
72295023174,6/29/1999,33.93816,-118.3866,29.7,"LOS ANGELES INTERNATIONAL AIRPORT, CA US",66.6,24,61.8,24,1013.8,23,10.1,4,6.8,24,6.9,24,12,999.9,73, ,63, ,0,G,999.9,100000
72295023174,6/30/1999,33.93816,-118.3866,29.7,"LOS ANGELES INTERNATIONAL AIRPORT, CA US",67.3,24,62,24,1012,24,8.5,4,6.5,24,7.1,24,13,999.9,73, ,63, ,0,G,999.9,100000
72295023174,7/1/1999,33.93816,-118.3866,29.7,"LOS ANGELES INTERNATIONAL AIRPORT, CA US",67.4,24,62.4,24,1010.3,24,6.7,4,6.4,24,7.1,24,12,999.9,73.9, ,64, ,0,G,999.9,100000
72295023174,7/2/1999,33.93816,-118.3866,29.7,"LOS ANGELES INTERNATIONAL AIRPORT, CA US",67.5,24,61.2,24,1009.2,24,999.9,0,8.1,24,7.2,24,12,999.9,73.9, ,64.9, ,0,G,999.9,100000
72295023174,7/3/1999,33.93816,-118.3866,29.7,"LOS ANGELES INTERNATIONAL AIRPORT, CA US",66.9,23,60.1,23,1009.8,23,999.9,0,9.7,23,6.9,23,11.1,999.9,73.9, ,64.9, ,0,G,999.9,0
72295023174,7/4/1999,33.93816,-118.3866,29.7,"LOS ANGELES INTERNATIONAL AIRPORT, CA US",68,24,62,24,1011.6,24,7.8,4,8.6,24,7.5,24,14,999.9,73, ,64, ,0,G,999.9,0
72295023174,7/5/1999,33.93816,-118.3866,29.7,"LOS ANGELES INTERNATIONAL AIRPORT, CA US",68.9,24,62.4,24,1011.9,24,8.3,4,8.4,24,6.8,24,14,999.9,75,*,63,*,0,G,999.9,0
72295023174,7/6/1999,33.93816,-118.3866,29.7,"LOS ANGELES INTERNATIONAL AIRPORT, CA US",68,24,63.3,24,1012.4,23,9,4,7,24,7.1,24,12,999.9,77, ,63, ,0,G,999.9,100000
72295023174,7/7/1999,33.93816,-118.3866,29.7,"LOS ANGELES INTERNATIONAL AIRPORT, CA US",69.1,24,64,24,1012.7,24,9.2,4,5.8,24,6.1,24,14,999.9,73, ,63, ,0,G,999.9,100000
72295023174,7/8/1999,33.93816,-118.3866,29.7,"LOS ANGELES INTERNATIONAL AIRPORT, CA US",73,24,63.6,24,1014.4,24,10.5,4,7,24,4.5,24,8.9,999.9,82.9,*,69.1,*,0,G,999.9,110000
72295023174,7/9/1999,33.93816,-118.3866,29.7,"LOS ANGELES INTERNATIONAL AIRPORT, CA US",71.5,24,66.8,24,1016.5,24,12.9,4,7.7,24,7.1,24,13,999.9,82.9, ,68, ,0,G,999.9,100000
72295023174,7/10/1999,33.93816,-118.3866,29.7,"LOS ANGELES INTERNATIONAL AIRPORT, CA US",72,24,64.7,24,1016.8,24,13.3,4,9,24,7.2,24,14,999.9,78.1,*,66.9,*,0,G,999.9,100000
72295023174,7/11/1999,33.93816,-118.3866,29.7,"LOS ANGELES INTERNATIONAL AIRPORT, CA US",71.7,24,65,24,1014.3,24,11.1,4,8.7,24,7,24,13,999.9,79, ,66.9, ,0,G,999.9,0
72295023174,7/12/1999,33.93816,-118.3866,29.7,"LOS ANGELES INTERNATIONAL AIRPORT, CA US",73.6,24,66.2,24,1011.3,24,7.9,4,8,24,7.9,24,14,999.9,81,*,69.1,*,0,G,999.9,100000
72295023174,7/13/1999,33.93816,-118.3866,29.7,"LOS ANGELES INTERNATIONAL AIRPORT, CA US",74.7,24,67.6,24,1011.1,24,999.9,0,7.7,24,7.1,24,13,15.9,82, ,69.1, ,0,G,999.9,110010
72295023174,7/14/1999,33.93816,-118.3866,29.7,"LOS ANGELES INTERNATIONAL AIRPORT, CA US",71.8,24,67.2,24,1011.6,23,7.8,4,6.6,24,7.2,24,13,999.9,77,*,68,*,0,G,999.9,100000
72295023174,7/15/1999,33.93816,-118.3866,29.7,"LOS ANGELES INTERNATIONAL AIRPORT, CA US",69.4,24,64.4,24,1013.7,24,9.9,4,6.9,24,7,24,13,999.9,75, ,66.9, ,0,G,999.9,100000
72295023174,7/16/1999,33.93816,-118.3866,29.7,"LOS ANGELES INTERNATIONAL AIRPORT, CA US",69.5,24,63.6,24,1014.6,23,10.8,4,7.9,24,7.6,24,14,999.9,73.9,*,66,*,0,G,999.9,100000
72295023174,7/17/1999,33.93816,-118.3866,29.7,"LOS ANGELES INTERNATIONAL AIRPORT, CA US",69.1,24,63.4,24,1014.9,24,11.3,4,8.4,24,7.4,24,13,999.9,75,*,64,*,0,G,999.9,100000
72295023174,7/18/1999,33.93816,-118.3866,29.7,"LOS ANGELES INTERNATIONAL AIRPORT, CA US",70.5,24,63.6,24,1015.3,23,11.7,4,8.7,24,7.2,24,13,999.9,75, ,64, ,0,G,999.9,0
72295023174,7/19/1999,33.93816,-118.3866,29.7,"LOS ANGELES INTERNATIONAL AIRPORT, CA US",69.1,24,62.7,24,1016.6,24,12.9,4,7.8,24,6.4,24,15,999.9,75.9, ,64.9, ,0,G,999.9,100000
72295023174,7/20/1999,33.93816,-118.3866,29.7,"LOS ANGELES INTERNATIONAL AIRPORT, CA US",69.1,24,61.8,24,1015.4,24,12,4,9.2,24,8.4,24,15.9,999.9,75, ,64, ,0,G,999.9,0
72295023174,7/21/1999,33.93816,-118.3866,29.7,"LOS ANGELES INTERNATIONAL AIRPORT, CA US",69,24,61.2,24,1015.2,24,11.3,4,9.2,24,7.6,24,15.9,999.9,75,*,64,*,0,G,999.9,0
72295023174,7/22/1999,33.93816,-118.3866,29.7,"LOS ANGELES INTERNATIONAL AIRPORT, CA US",69,24,61.5,24,1016.7,24,12.9,4,8.9,24,7.2,24,15.9,999.9,75.9,*,64.4,*,0,G,999.9,0
72295023174,7/23/1999,33.93816,-118.3866,29.7,"LOS ANGELES INTERNATIONAL AIRPORT, CA US",68.9,24,60.9,24,1018,24,14.2,4,8.8,24,8.2,24,17.1,999.9,75.9, ,64, ,0,G,999.9,100000
72295023174,7/24/1999,33.93816,-118.3866,29.7,"LOS ANGELES INTERNATIONAL AIRPORT, CA US",68.4,24,59.9,24,1015.5,24,12.4,4,8.5,24,7.4,24,15,999.9,73.9,*,62.6,*,0,G,999.9,100000
72295023174,7/25/1999,33.93816,-118.3866,29.7,"LOS ANGELES INTERNATIONAL AIRPORT, CA US",68.2,23,60.2,23,1013.5,23,999.9,0,9.2,23,6.3,23,13,999.9,75, ,62.1, ,0,G,999.9,0
72295023174,7/26/1999,33.93816,-118.3866,29.7,"LOS ANGELES INTERNATIONAL AIRPORT, CA US",68.2,24,61.8,24,1014.3,23,10.6,4,7,24,7.4,24,15,999.9,73.9, ,63, ,0,G,999.9,100000
72295023174,7/27/1999,33.93816,-118.3866,29.7,"LOS ANGELES INTERNATIONAL AIRPORT, CA US",66.3,24,60.6,24,1014.2,24,10.4,4,7.7,24,8,24,14,15.9,73, ,64, ,0,G,999.9,100000
72295023174,7/28/1999,33.93816,-118.3866,29.7,"LOS ANGELES INTERNATIONAL AIRPORT, CA US",66.7,24,60.2,24,1015.9,24,12.1,4,7.6,24,7.4,24,13,999.9,72, ,63, ,0,G,999.9,0
72295023174,7/29/1999,33.93816,-118.3866,29.7,"LOS ANGELES INTERNATIONAL AIRPORT, CA US",68.2,24,60.2,24,1016.9,24,13.3,4,9.4,24,6.8,24,14,999.9,73.9,*,64.9,*,0,G,999.9,0
72295023174,7/30/1999,33.93816,-118.3866,29.7,"LOS ANGELES INTERNATIONAL AIRPORT, CA US",70.1,24,61.4,24,1015,24,11.5,4,9.4,24,5.8,24,12,999.9,75, ,64, ,0,G,999.9,100000
72295023174,7/31/1999,33.93816,-118.3866,29.7,"LOS ANGELES INTERNATIONAL AIRPORT, CA US",69.6,24,61.6,24,1013.2,24,9.8,4,9.2,24,6.9,24,12,999.9,75.9, ,64.9, ,0,G,999.9,0
72295023174,8/1/1999,33.93816,-118.3866,29.7,"LOS ANGELES INTERNATIONAL AIRPORT, CA US",68.9,24,60.6,24,1012.7,23,9,4,9.2,24,6.5,24,14,999.9,73,*,64.9,*,0,G,999.9,0
72295023174,8/2/1999,33.93816,-118.3866,29.7,"LOS ANGELES INTERNATIONAL AIRPORT, CA US",68.7,24,62.2,22,1014.8,24,999.9,0,7.3,24,6.8,24,14,999.9,73.9, ,64, ,0,G,999.9,100000
72295023174,8/3/1999,33.93816,-118.3866,29.7,"LOS ANGELES INTERNATIONAL AIRPORT, CA US",71.6,24,61.9,24,1014.8,24,11.2,4,8.7,24,6.2,24,13,999.9,77,*,66,*,0,G,999.9,0
72295023174,8/4/1999,33.93816,-118.3866,29.7,"LOS ANGELES INTERNATIONAL AIRPORT, CA US",70.3,24,61.8,24,1013.9,22,999.9,0,7.8,24,5.9,24,12,999.9,78.1, ,66, ,0,G,999.9,100000
72295023174,8/5/1999,33.93816,-118.3866,29.7,"LOS ANGELES INTERNATIONAL AIRPORT, CA US",67.9,24,61.2,24,1013.3,23,999.9,0,5.8,24,6.3,24,13,14,79, ,66, ,0,G,999.9,0
72295023174,8/6/1999,33.93816,-118.3866,29.7,"LOS ANGELES INTERNATIONAL AIRPORT, CA US",68.8,24,57.8,24,1013.7,24,999.9,0,8.9,24,7.7,24,15.9,999.9,73, ,66, ,0,G,999.9,0
72295023174,8/7/1999,33.93816,-118.3866,29.7,"LOS ANGELES INTERNATIONAL AIRPORT, CA US",67.5,24,58.4,24,1015.7,24,11.9,4,9.4,24,7.3,24,15.9,999.9,72,*,63,*,0,G,999.9,0
72295023174,8/8/1999,33.93816,-118.3866,29.7,"LOS ANGELES INTERNATIONAL AIRPORT, CA US",67.3,24,58.3,24,1016.4,24,12.8,4,9.7,24,7.1,24,14,999.9,73, ,62.1, ,0,G,999.9,0
72295023174,8/9/1999,33.93816,-118.3866,29.7,"LOS ANGELES INTERNATIONAL AIRPORT, CA US",67.3,24,58.3,24,1013.5,24,10.3,4,9.4,24,6.7,24,15,999.9,73.9, ,62.1, ,0,G,999.9,0
72295023174,8/10/1999,33.93816,-118.3866,29.7,"LOS ANGELES INTERNATIONAL AIRPORT, CA US",67.9,24,57.9,24,1012.4,23,8.5,4,9.2,24,7.3,24,14,19,73, ,62.1, ,0,G,999.9,0
72295023174,8/11/1999,33.93816,-118.3866,29.7,"LOS ANGELES INTERNATIONAL AIRPORT, CA US",67.2,24,58.8,24,1015.6,21,11.7,4,9.3,24,7.7,24,14,15.9,73, ,64, ,0,G,999.9,0
72295023174,8/12/1999,33.93816,-118.3866,29.7,"LOS ANGELES INTERNATIONAL AIRPORT, CA US",69.1,24,59.8,24,1015.8,24,999.9,0,8.9,24,6.8,24,14,999.9,73.9,*,64.9,*,0,G,999.9,0
72295023174,8/13/1999,33.93816,-118.3866,29.7,"LOS ANGELES INTERNATIONAL AIRPORT, CA US",70.3,24,61.4,24,1014.1,24,10.6,4,8.5,24,6.2,24,13,999.9,75.9,*,66,*,0,G,999.9,0
72295023174,8/14/1999,33.93816,-118.3866,29.7,"LOS ANGELES INTERNATIONAL AIRPORT, CA US",69.4,24,61.7,24,1012.4,23,999.9,0,6.3,24,5.1,24,12,999.9,78.1, ,66, ,0,G,999.9,0
72295023174,8/15/1999,33.93816,-118.3866,29.7,"LOS ANGELES INTERNATIONAL AIRPORT, CA US",67.7,24,61.1,24,1013.6,21,9.7,4,4.6,24,5.7,24,15,999.9,73.9, ,64, ,0,G,999.9,100000
72295023174,8/16/1999,33.93816,-118.3866,29.7,"LOS ANGELES INTERNATIONAL AIRPORT, CA US",67.7,24,59.4,24,1016.1,24,12.3,4,8.9,24,7.3,24,15,999.9,73,*,63,*,0,G,999.9,0
72295023174,8/17/1999,33.93816,-118.3866,29.7,"LOS ANGELES INTERNATIONAL AIRPORT, CA US",68.2,24,58.4,24,1016.8,23,13.3,4,8.3,24,6.9,24,18.1,999.9,73, ,63, ,0,G,999.9,0
72295023174,8/18/1999,33.93816,-118.3866,29.7,"LOS ANGELES INTERNATIONAL AIRPORT, CA US",68,24,58.8,24,1014.3,24,11,4,7.6,24,6.8,24,14,999.9,73, ,64, ,0,G,999.9,100000
72295023174,8/19/1999,33.93816,-118.3866,29.7,"LOS ANGELES INTERNATIONAL AIRPORT, CA US",67.9,24,58.4,24,1012.3,24,999.9,0,8.6,24,6.6,24,15,999.9,73, ,64, ,0,G,999.9,100000
72295023174,8/20/1999,33.93816,-118.3866,29.7,"LOS ANGELES INTERNATIONAL AIRPORT, CA US",65.3,24,59.7,24,1013.4,20,999.9,0,5.1,24,6.7,24,13,999.9,72, ,62.1, ,0,G,999.9,100000
72295023174,8/21/1999,33.93816,-118.3866,29.7,"LOS ANGELES INTERNATIONAL AIRPORT, CA US",65.2,24,59.9,24,1013.2,19,9.8,4,4.1,24,5.7,24,15,999.9,71.1,*,62.6,*,0,G,999.9,100000
72295023174,8/22/1999,33.93816,-118.3866,29.7,"LOS ANGELES INTERNATIONAL AIRPORT, CA US",66.5,24,61,24,1010.3,22,6.7,4,5,24,5.6,24,13,999.9,73,*,62.6,*,0,G,999.9,100000
72295023174,8/23/1999,33.93816,-118.3866,29.7,"LOS ANGELES INTERNATIONAL AIRPORT, CA US",66.3,24,60.9,24,1010.5,21,999.9,0,5,24,7.6,24,13,999.9,71.1,*,62.6,*,0,G,999.9,100000
72295023174,8/24/1999,33.93816,-118.3866,29.7,"LOS ANGELES INTERNATIONAL AIRPORT, CA US",66.7,24,60.3,24,1010.3,23,999.9,0,6,24,7.3,24,17.1,999.9,71.1, ,63, ,0,G,999.9,100000
72295023174,8/25/1999,33.93816,-118.3866,29.7,"LOS ANGELES INTERNATIONAL AIRPORT, CA US",69.9,24,61.1,24,1009,24,5.5,4,7.4,24,6.8,24,12,999.9,73.9,*,66,*,0,G,999.9,100000
72295023174,8/26/1999,33.93816,-118.3866,29.7,"LOS ANGELES INTERNATIONAL AIRPORT, CA US",70.3,24,60.8,24,1007.8,24,999.9,0,8.5,24,6.1,24,14,999.9,78.8,*,66,*,0,G,999.9,0
72295023174,8/27/1999,33.93816,-118.3866,29.7,"LOS ANGELES INTERNATIONAL AIRPORT, CA US",70.4,24,62.4,24,1009.8,24,6,4,8.9,24,6,24,13,999.9,82.9, ,66, ,0,G,999.9,0
72295023174,8/28/1999,33.93816,-118.3866,29.7,"LOS ANGELES INTERNATIONAL AIRPORT, CA US",66.3,24,60.5,24,1011.1,23,7.5,4,6,24,6.4,24,15,999.9,70,*,64,*,0,G,999.9,100000
72295023174,8/29/1999,33.93816,-118.3866,29.7,"LOS ANGELES INTERNATIONAL AIRPORT, CA US",67.3,24,60.5,24,1011.2,21,999.9,0,6.3,24,5.5,24,13,19,71.1,*,64,*,0,G,999.9,100000
72295023174,8/30/1999,33.93816,-118.3866,29.7,"LOS ANGELES INTERNATIONAL AIRPORT, CA US",66.6,24,60.3,24,1012.6,24,8.6,4,3.7,24,6.2,24,12,999.9,72, ,62.1, ,0,G,999.9,100000
72295023174,8/31/1999,33.93816,-118.3866,29.7,"LOS ANGELES INTERNATIONAL AIRPORT, CA US",67.7,24,60.2,24,1012.1,24,8.5,4,6.1,24,6.7,24,13,999.9,75,*,63,*,0,G,999.9,100000
72295023174,9/1/1999,33.93816,-118.3866,29.7,"LOS ANGELES INTERNATIONAL AIRPORT, CA US",69.5,24,59.1,24,1010.9,24,7.3,4,7.9,24,7.6,24,11.1,999.9,77,*,64.9,*,0,G,999.9,0
72295023174,9/2/1999,33.93816,-118.3866,29.7,"LOS ANGELES INTERNATIONAL AIRPORT, CA US",68.2,24,57.3,24,1011.5,23,999.9,0,8.9,24,8.3,24,14,999.9,79, ,64, ,0,G,999.9,0
72295023174,9/3/1999,33.93816,-118.3866,29.7,"LOS ANGELES INTERNATIONAL AIRPORT, CA US",67.5,24,58.9,24,1012.1,23,8.3,4,9.2,24,8.3,24,15,18.1,71.1,*,64,*,0,G,999.9,0
72295023174,9/4/1999,33.93816,-118.3866,29.7,"LOS ANGELES INTERNATIONAL AIRPORT, CA US",66.8,24,57.5,24,1011.5,24,8.1,4,8.1,24,7.2,24,14,999.9,72, ,64, ,0,G,999.9,0
72295023174,9/5/1999,33.93816,-118.3866,29.7,"LOS ANGELES INTERNATIONAL AIRPORT, CA US",65.8,24,59.5,24,1011.3,23,999.9,0,7.3,24,7.1,24,13,999.9,72, ,64, ,0,G,999.9,100000
72295023174,9/6/1999,33.93816,-118.3866,29.7,"LOS ANGELES INTERNATIONAL AIRPORT, CA US",66.1,24,59.7,24,1011.8,23,8.2,4,6.1,24,5.6,24,12,999.9,70, ,64, ,0,G,999.9,100000
72295023174,9/7/1999,33.93816,-118.3866,29.7,"LOS ANGELES INTERNATIONAL AIRPORT, CA US",65.9,24,60.2,24,1011.9,24,8.2,4,6.1,24,7.5,24,15,20,71.1, ,64, ,0,G,999.9,100000
72295023174,9/8/1999,33.93816,-118.3866,29.7,"LOS ANGELES INTERNATIONAL AIRPORT, CA US",67.6,24,60.5,24,1011.7,24,8,4,7.5,24,7.4,24,17.1,999.9,72,*,64,*,0,G,999.9,0
72295023174,9/9/1999,33.93816,-118.3866,29.7,"LOS ANGELES INTERNATIONAL AIRPORT, CA US",68.8,24,59.6,24,1011.1,24,7.6,4,8.9,24,7.3,24,15,999.9,73.9,*,64.9,*,0,G,999.9,0
72295023174,9/10/1999,33.93816,-118.3866,29.7,"LOS ANGELES INTERNATIONAL AIRPORT, CA US",67.3,24,59.5,24,1010.8,24,7.2,4,7.9,24,6.8,24,14,20,73,*,64,*,0,G,999.9,100000
72295023174,9/11/1999,33.93816,-118.3866,29.7,"LOS ANGELES INTERNATIONAL AIRPORT, CA US",65.7,24,56.5,24,1011.4,24,7.6,4,9.3,24,8.4,24,15,999.9,71.1,*,60.1,*,0,G,999.9,0
72295023174,9/12/1999,33.93816,-118.3866,29.7,"LOS ANGELES INTERNATIONAL AIRPORT, CA US",65.7,24,57,24,1012.3,23,999.9,0,9.2,24,7.6,24,15,999.9,71.1, ,59, ,0,G,999.9,0
72295023174,9/13/1999,33.93816,-118.3866,29.7,"LOS ANGELES INTERNATIONAL AIRPORT, CA US",64.6,24,59,24,1013.6,23,999.9,0,5.2,24,7.1,24,15.9,999.9,71.1, ,61, ,0,G,999.9,100000
72295023174,9/14/1999,33.93816,-118.3866,29.7,"LOS ANGELES INTERNATIONAL AIRPORT, CA US",65.6,24,58.1,24,1011.3,24,999.9,0,6.2,24,5.3,24,12,999.9,71.1, ,60.1, ,0.01,G,999.9,100000
72295023174,9/15/1999,33.93816,-118.3866,29.7,"LOS ANGELES INTERNATIONAL AIRPORT, CA US",66.3,24,58.9,24,1009.2,24,5.6,4,4.7,24,6.2,24,12,999.9,71.1, ,60.1, ,0,A,999.9,100000
72295023174,9/16/1999,33.93816,-118.3866,29.7,"LOS ANGELES INTERNATIONAL AIRPORT, CA US",65.6,24,58.9,24,1010.4,24,999.9,0,5.2,24,5.7,24,13,999.9,72, ,63, ,0,G,999.9,100000
72295023174,9/17/1999,33.93816,-118.3866,29.7,"LOS ANGELES INTERNATIONAL AIRPORT, CA US",65.3,24,59.5,24,1011.7,24,999.9,0,4.3,24,5.6,24,10.1,999.9,69.1, ,64, ,0,G,999.9,0
72295023174,9/18/1999,33.93816,-118.3866,29.7,"LOS ANGELES INTERNATIONAL AIRPORT, CA US",64.9,24,58.1,24,1011.2,24,7.6,4,6.1,24,6.2,24,12,999.9,69.1, ,64, ,0,G,999.9,100000
72295023174,9/19/1999,33.93816,-118.3866,29.7,"LOS ANGELES INTERNATIONAL AIRPORT, CA US",66.4,24,56.1,24,1011.4,24,7.7,4,9.1,24,6,24,11.1,999.9,71.1,*,64,*,0,G,999.9,0
72295023174,9/20/1999,33.93816,-118.3866,29.7,"LOS ANGELES INTERNATIONAL AIRPORT, CA US",65.4,24,56.9,24,1013.5,24,999.9,0,8.8,24,7.3,24,13,999.9,70,*,60.1,*,0,G,999.9,0
72295023174,9/21/1999,33.93816,-118.3866,29.7,"LOS ANGELES INTERNATIONAL AIRPORT, CA US",68.4,24,59.5,24,1013.8,24,999.9,0,7.7,24,5.8,24,18.1,27,79,*,64,*,0,G,999.9,100000
72295023174,9/22/1999,33.93816,-118.3866,29.7,"LOS ANGELES INTERNATIONAL AIRPORT, CA US",72.1,24,61,24,1011.8,24,8.7,4,7.5,24,6.6,24,13,15.9,84.9, ,64, ,0,G,999.9,100000
72295023174,9/23/1999,33.93816,-118.3866,29.7,"LOS ANGELES INTERNATIONAL AIRPORT, CA US",67.6,24,61.5,24,1013,21,999.9,0,6.6,24,7.7,24,12,999.9,71.1,*,64.9,*,0,G,999.9,100000
72295023174,9/24/1999,33.93816,-118.3866,29.7,"LOS ANGELES INTERNATIONAL AIRPORT, CA US",66,24,60.1,24,1014.3,23,10.6,4,4.4,24,6,24,15,999.9,69.1,*,64.4,*,0,G,999.9,0
72295023174,9/25/1999,33.93816,-118.3866,29.7,"LOS ANGELES INTERNATIONAL AIRPORT, CA US",63.9,24,60.8,24,1015.8,20,999.9,0,2.6,24,6.1,24,15,15.9,66,*,60.8,*,0,G,999.9,100000
72295023174,9/26/1999,33.93816,-118.3866,29.7,"LOS ANGELES INTERNATIONAL AIRPORT, CA US",63.9,24,59.3,24,1012.9,22,999.9,0,2.8,24,5.7,24,13,999.9,68,*,60.8,*,0,G,999.9,100000
72295023174,9/27/1999,33.93816,-118.3866,29.7,"LOS ANGELES INTERNATIONAL AIRPORT, CA US",64.9,24,58.6,24,1010.4,24,999.9,0,5.7,24,4.6,24,10.1,999.9,68, ,61, ,0,G,999.9,100000
72295023174,9/28/1999,33.93816,-118.3866,29.7,"LOS ANGELES INTERNATIONAL AIRPORT, CA US",64.1,24,58.3,24,1011.4,24,999.9,0,5.3,24,5.6,24,13,999.9,68, ,62.1, ,0,G,999.9,100000
72295023174,9/29/1999,33.93816,-118.3866,29.7,"LOS ANGELES INTERNATIONAL AIRPORT, CA US",68.1,24,55.6,24,1013.3,22,999.9,0,5,24,5.5,24,12,999.9,86,*,57.2,*,0,G,999.9,100000
72295023174,9/30/1999,33.93816,-118.3866,29.7,"LOS ANGELES INTERNATIONAL AIRPORT, CA US",76.3,24,44.8,24,1010.5,24,999.9,0,9.9,24,5.9,24,12,999.9,89.1, ,57, ,0.01,G,999.9,0
72295023174,10/1/1999,33.93816,-118.3866,29.7,"LOS ANGELES INTERNATIONAL AIRPORT, CA US",68.7,24,57.1,24,1009.4,24,999.9,0,9.4,24,5.3,24,11.1,999.9,87.1, ,60.1, ,0,G,0.8,0
72295023174,10/2/1999,33.93816,-118.3866,29.7,"LOS ANGELES INTERNATIONAL AIRPORT, CA US",60.3,24,57,21,1010.6,22,999.9,0,6.4,24,5.8,23,11.1,999.9,75.9, ,48.9, ,0,D,999.9,100000
72295023174,10/3/1999,33.93816,-118.3866,29.7,"LOS ANGELES INTERNATIONAL AIRPORT, CA US",62.9,24,56.1,24,1014.7,23,999.9,0,6,24,7.3,24,15,999.9,69.8,*,59,*,0,D,0.8,100000
72295023174,10/4/1999,33.93816,-118.3866,29.7,"LOS ANGELES INTERNATIONAL AIRPORT, CA US",62.3,24,57.6,24,1015.6,10,999.9,0,5.8,24,5.4,24,13,999.9,69.1, ,57, ,0,G,2.4,100000
72295023174,10/5/1999,33.93816,-118.3866,29.7,"LOS ANGELES INTERNATIONAL AIRPORT, CA US",64.7,24,59.3,24,1014.2,24,999.9,0,7.6,24,6.1,24,13,999.9,73, ,57, ,0,G,3.1,100000
72295023174,10/6/1999,33.93816,-118.3866,29.7,"LOS ANGELES INTERNATIONAL AIRPORT, CA US",64.8,24,57.5,24,1012.7,24,999.9,0,9.5,24,8.1,24,14,999.9,73, ,57.9, ,0.01,G,0.4,100000
72295023174,10/7/1999,33.93816,-118.3866,29.7,"LOS ANGELES INTERNATIONAL AIRPORT, CA US",67.8,24,56.7,24,1012.1,24,999.9,0,9.3,24,7,24,12,14,81, ,59, ,0,G,2.4,100000
72295023174,10/8/1999,33.93816,-118.3866,29.7,"LOS ANGELES INTERNATIONAL AIRPORT, CA US",73.8,24,52.5,24,1012.1,24,999.9,0,9.9,24,4,24,12,999.9,88, ,60.1, ,0,G,999.9,0
72295023174,10/9/1999,33.93816,-118.3866,29.7,"LOS ANGELES INTERNATIONAL AIRPORT, CA US",75.8,24,52.4,24,1011.5,24,999.9,0,9.9,24,6.3,24,11.1,999.9,88, ,61, ,0,G,999.9,0
72295023174,10/10/1999,33.93816,-118.3866,29.7,"LOS ANGELES INTERNATIONAL AIRPORT, CA US",72.1,24,60.6,24,1012.1,24,999.9,0,9.3,24,4.7,23,11.1,999.9,88, ,61, ,0,G,2,0
72295023174,10/11/1999,33.93816,-118.3866,29.7,"LOS ANGELES INTERNATIONAL AIRPORT, CA US",66.1,24,62.4,24,1013.8,24,999.9,0,7.1,24,5.8,24,11.1,999.9,82, ,59, ,0,G,999.9,100000
72295023174,10/12/1999,33.93816,-118.3866,29.7,"LOS ANGELES INTERNATIONAL AIRPORT, CA US",65.5,24,58.2,24,1014.7,24,999.9,0,8.5,24,4.3,24,14,999.9,78.1, ,57.9, ,0.01,G,999.9,100000
72295023174,10/13/1999,33.93816,-118.3866,29.7,"LOS ANGELES INTERNATIONAL AIRPORT, CA US",68.6,24,56.3,24,1014,24,999.9,0,9.4,24,4.3,24,11.1,999.9,78.1, ,57.9, ,0,G,3.5,100000
72295023174,10/14/1999,33.93816,-118.3866,29.7,"LOS ANGELES INTERNATIONAL AIRPORT, CA US",66.2,24,59.2,24,1012.1,24,999.9,0,8.6,24,4.8,24,11.1,999.9,78.1, ,59, ,0,G,1.6,100000
72295023174,10/15/1999,33.93816,-118.3866,29.7,"LOS ANGELES INTERNATIONAL AIRPORT, CA US",64.6,24,59.8,24,1010.3,23,999.9,0,8.1,24,6.5,24,12,999.9,73, ,59, ,0,G,999.9,100000
72295023174,10/16/1999,33.93816,-118.3866,29.7,"LOS ANGELES INTERNATIONAL AIRPORT, CA US",63.9,24,58.4,24,1012.8,24,999.9,0,7.4,24,6.4,24,12,999.9,69.1, ,61, ,0,G,999.9,0
72295023174,10/17/1999,33.93816,-118.3866,29.7,"LOS ANGELES INTERNATIONAL AIRPORT, CA US",62.7,24,56.7,24,1018.4,23,999.9,0,5.3,24,6.1,24,11.1,999.9,72, ,57, ,0,G,999.9,100000
72295023174,10/18/1999,33.93816,-118.3866,29.7,"LOS ANGELES INTERNATIONAL AIRPORT, CA US",67.9,24,45,24,1016.9,24,999.9,0,9.9,24,4.7,24,12,999.9,84, ,57, ,0,G,999.9,0
72295023174,10/19/1999,33.93816,-118.3866,29.7,"LOS ANGELES INTERNATIONAL AIRPORT, CA US",67.5,24,44.4,24,1016,24,999.9,0,9.9,24,6.2,24,13,999.9,84.9, ,57, ,0,G,999.9,0
72295023174,10/20/1999,33.93816,-118.3866,29.7,"LOS ANGELES INTERNATIONAL AIRPORT, CA US",72.7,24,47.6,24,1017,24,999.9,0,9.9,24,6.2,24,11.1,18.1,95, ,57, ,0,G,3.1,0
72295023174,10/21/1999,33.93816,-118.3866,29.7,"LOS ANGELES INTERNATIONAL AIRPORT, CA US",74.4,24,43.1,24,1016.5,24,999.9,0,9.9,24,6,24,11.1,999.9,95, ,61, ,0,G,999.9,0
72295023174,10/22/1999,33.93816,-118.3866,29.7,"LOS ANGELES INTERNATIONAL AIRPORT, CA US",67.2,24,57.3,24,1015.8,24,999.9,0,7.3,24,4.6,24,12,999.9,82,*,57.2,*,0,G,0.8,100000
72295023174,10/23/1999,33.93816,-118.3866,29.7,"LOS ANGELES INTERNATIONAL AIRPORT, CA US",65.2,24,59.1,24,1015.8,21,999.9,0,5.7,24,4.5,24,11.1,999.9,82.9, ,57.9, ,0,G,2,100000
72295023174,10/24/1999,33.93816,-118.3866,29.7,"LOS ANGELES INTERNATIONAL AIRPORT, CA US",66.5,24,52.8,24,1017.1,24,999.9,0,8.3,24,4.5,24,12,999.9,80.1, ,57.9, ,0,G,999.9,0
72295023174,10/25/1999,33.93816,-118.3866,29.7,"LOS ANGELES INTERNATIONAL AIRPORT, CA US",67.7,24,55.1,24,1017.8,24,999.9,0,9.4,24,4.9,24,13,15,80.1, ,59, ,0,G,2.4,0
72295023174,10/26/1999,33.93816,-118.3866,29.7,"LOS ANGELES INTERNATIONAL AIRPORT, CA US",64.5,24,58.3,24,1017.9,24,999.9,0,6.8,24,4.5,24,12,999.9,77, ,59, ,0,G,999.9,100000
72295023174,10/27/1999,33.93816,-118.3866,29.7,"LOS ANGELES INTERNATIONAL AIRPORT, CA US",61.4,24,56.3,24,1018.6,24,999.9,0,5.3,24,5.4,24,10.1,999.9,66.9, ,59, ,0.01,G,0.4,100000
72295023174,10/28/1999,33.93816,-118.3866,29.7,"LOS ANGELES INTERNATIONAL AIRPORT, CA US",61.4,24,56.1,24,1019.2,23,999.9,0,5.6,24,5.2,24,10.1,999.9,66.9, ,59, ,0,G,2.8,100000
72295023174,10/29/1999,33.93816,-118.3866,29.7,"LOS ANGELES INTERNATIONAL AIRPORT, CA US",63.2,24,57.6,24,1016.6,23,999.9,0,6.1,24,5.1,24,10.1,999.9,72, ,57.9, ,0,G,999.9,100000
72295023174,10/30/1999,33.93816,-118.3866,29.7,"LOS ANGELES INTERNATIONAL AIRPORT, CA US",70.7,24,47.4,24,1018.3,24,999.9,0,8.5,24,3.6,24,11.1,999.9,90, ,57.9, ,0,G,999.9,100000
72295023174,10/31/1999,33.93816,-118.3866,29.7,"LOS ANGELES INTERNATIONAL AIRPORT, CA US",74,24,33.3,24,1018.1,24,999.9,0,9.9,24,5,24,11.1,999.9,90, ,59, ,0,G,999.9,0
72295023174,11/1/1999,33.93816,-118.3866,29.7,"LOS ANGELES INTERNATIONAL AIRPORT, CA US",68.2,24,48.9,24,1016.5,24,999.9,0,9.8,24,4.8,24,10.1,999.9,88, ,57, ,0,G,999.9,0
72295023174,11/2/1999,33.93816,-118.3866,29.7,"LOS ANGELES INTERNATIONAL AIRPORT, CA US",63,24,57.9,24,1018,23,999.9,0,4.8,24,5,24,11.1,999.9,81, ,57, ,0,G,999.9,100000
72295023174,11/3/1999,33.93816,-118.3866,29.7,"LOS ANGELES INTERNATIONAL AIRPORT, CA US",61.5,24,55.9,24,1017.7,23,999.9,0,6.7,24,4.6,24,12,999.9,66, ,57.9, ,0.01,G,999.9,100000
72295023174,11/4/1999,33.93816,-118.3866,29.7,"LOS ANGELES INTERNATIONAL AIRPORT, CA US",60.6,24,56.3,24,1015.5,24,999.9,0,5.3,24,4.8,24,12,999.9,64.9, ,55.9, ,0,D,999.9,100000
72295023174,11/5/1999,33.93816,-118.3866,29.7,"LOS ANGELES INTERNATIONAL AIRPORT, CA US",61.7,24,54.7,24,1017.5,23,999.9,0,4,24,5.1,24,10.1,999.9,66, ,55.9, ,0,G,999.9,100000
72295023174,11/6/1999,33.93816,-118.3866,29.7,"LOS ANGELES INTERNATIONAL AIRPORT, CA US",60.2,24,54,24,1019.5,24,999.9,0,6.3,24,4.5,24,9.9,999.9,66, ,54, ,0,G,999.9,100000
72295023174,11/7/1999,33.93816,-118.3866,29.7,"LOS ANGELES INTERNATIONAL AIRPORT, CA US",61.7,24,54.1,24,1019.7,24,999.9,0,9,24,5.1,24,13,999.9,69.1, ,54, ,0,G,999.9,0
72295023174,11/8/1999,33.93816,-118.3866,29.7,"LOS ANGELES INTERNATIONAL AIRPORT, CA US",61.5,24,56.6,24,1019.4,24,999.9,0,7.5,24,7.3,24,14,999.9,69.1, ,55.9, ,0.06,G,999.9,110000
72295023174,11/9/1999,33.93816,-118.3866,29.7,"LOS ANGELES INTERNATIONAL AIRPORT, CA US",60,24,52.8,24,1018.6,24,999.9,0,9.7,24,6.7,24,14,999.9,70, ,52, ,0.21,G,999.9,0
72295023174,11/10/1999,33.93816,-118.3866,29.7,"LOS ANGELES INTERNATIONAL AIRPORT, CA US",59.7,24,53.9,24,1017.1,24,999.9,0,7.8,24,5.8,24,14,999.9,70, ,53.1, ,0,G,999.9,100000
72295023174,11/11/1999,33.93816,-118.3866,29.7,"LOS ANGELES INTERNATIONAL AIRPORT, CA US",61.2,24,53.1,24,1017,24,999.9,0,8.6,24,4.4,24,10.1,999.9,70, ,51.1, ,0.01,G,999.9,0
72295023174,11/12/1999,33.93816,-118.3866,29.7,"LOS ANGELES INTERNATIONAL AIRPORT, CA US",60.1,24,55.9,24,1017.4,24,999.9,0,6.7,24,5.6,24,11.1,999.9,70, ,51.1, ,0.01,G,999.9,100000
72295023174,11/13/1999,33.93816,-118.3866,29.7,"LOS ANGELES INTERNATIONAL AIRPORT, CA US",59.2,24,56.8,24,1016.9,20,999.9,0,4,24,6,24,11.1,999.9,63, ,53.1, ,0.02,G,999.9,100000
72295023174,11/14/1999,33.93816,-118.3866,29.7,"LOS ANGELES INTERNATIONAL AIRPORT, CA US",60.6,24,56.4,24,1018.3,22,999.9,0,5.4,24,4.7,24,15,999.9,64.9, ,55, ,0.02,G,999.9,100000
72295023174,11/15/1999,33.93816,-118.3866,29.7,"LOS ANGELES INTERNATIONAL AIRPORT, CA US",60.9,24,55.6,24,1019.8,24,999.9,0,7.9,24,5.7,24,14,999.9,66.9, ,55, ,0.01,G,999.9,100000
72295023174,11/16/1999,33.93816,-118.3866,29.7,"LOS ANGELES INTERNATIONAL AIRPORT, CA US",63,24,58.5,24,1017.3,24,999.9,0,9.5,24,7.3,24,14,999.9,66.9, ,55, ,0,G,999.9,100000
72295023174,11/17/1999,33.93816,-118.3866,29.7,"LOS ANGELES INTERNATIONAL AIRPORT, CA US",61.2,24,56.4,24,1015.4,22,999.9,0,8.5,24,7,24,12,999.9,66, ,57.9, ,0,G,999.9,110000
72295023174,11/18/1999,33.93816,-118.3866,29.7,"LOS ANGELES INTERNATIONAL AIRPORT, CA US",59.9,24,50.7,24,1016.5,22,999.9,0,9.9,24,6.9,24,11.1,999.9,66.9,*,54,*,0.01,G,999.9,0
72295023174,11/19/1999,33.93816,-118.3866,29.7,"LOS ANGELES INTERNATIONAL AIRPORT, CA US",60.3,24,51.7,24,1021.6,18,999.9,0,9,24,1.7,24,7,999.9,64.9,*,55,*,0,G,999.9,0
72295023174,11/20/1999,33.93816,-118.3866,29.7,"LOS ANGELES INTERNATIONAL AIRPORT, CA US",59.6,24,55,24,1022.6,20,999.9,0,6.2,24,5.5,24,11.1,999.9,64.9,*,55.9,*,0.02,G,999.9,110000
72295023174,11/21/1999,33.93816,-118.3866,29.7,"LOS ANGELES INTERNATIONAL AIRPORT, CA US",59.7,24,49.9,24,1016.9,24,999.9,0,8.6,24,8,24,22.9,32.1,66.9, ,50, ,0,G,999.9,100000
72295023174,11/22/1999,33.93816,-118.3866,29.7,"LOS ANGELES INTERNATIONAL AIRPORT, CA US",60.4,24,29.5,24,1017.4,24,999.9,0,9.7,24,11.2,24,22.9,30.9,66.9, ,50, ,0,G,999.9,0
72295023174,11/23/1999,33.93816,-118.3866,29.7,"LOS ANGELES INTERNATIONAL AIRPORT, CA US",58.2,24,24.3,24,1022,24,999.9,0,9.9,24,5.9,24,13,999.9,66.9, ,48, ,0,G,999.9,0
72295023174,11/24/1999,33.93816,-118.3866,29.7,"LOS ANGELES INTERNATIONAL AIRPORT, CA US",58.5,24,28.6,24,1024,24,999.9,0,9.6,24,4.6,24,12,999.9,73, ,46.9, ,0,G,999.9,0
72295023174,11/25/1999,33.93816,-118.3866,29.7,"LOS ANGELES INTERNATIONAL AIRPORT, CA US",62.1,24,30.1,24,1023.3,24,999.9,0,9.6,24,4.8,24,11.1,999.9,75, ,46.9, ,0,G,999.9,0
72295023174,11/26/1999,33.93816,-118.3866,29.7,"LOS ANGELES INTERNATIONAL AIRPORT, CA US",61,24,40.5,24,1016.3,24,999.9,0,8.8,24,5.1,24,12,999.9,78.1, ,48.9, ,0,G,999.9,0
72295023174,11/27/1999,33.93816,-118.3866,29.7,"LOS ANGELES INTERNATIONAL AIRPORT, CA US",58.3,24,50.2,24,1015.6,23,999.9,0,5.7,24,5.3,24,8,999.9,78.1, ,46.9, ,0,G,999.9,100000
72295023174,11/28/1999,33.93816,-118.3866,29.7,"LOS ANGELES INTERNATIONAL AIRPORT, CA US",57.8,24,52.3,24,1020.5,21,999.9,0,4.7,24,3.9,24,10.1,999.9,69.1, ,46.9, ,0,G,999.9,100000
72295023174,11/29/1999,33.93816,-118.3866,29.7,"LOS ANGELES INTERNATIONAL AIRPORT, CA US",59.2,24,50.6,24,1022.2,24,999.9,0,5.4,24,5,24,14,999.9,69.1, ,50, ,0,G,999.9,100000
72295023174,11/30/1999,33.93816,-118.3866,29.7,"LOS ANGELES INTERNATIONAL AIRPORT, CA US",58.3,24,53.3,24,1022.4,24,999.9,0,6.8,24,5.6,24,11.1,999.9,69.1, ,52, ,0,G,999.9,100000
72295023174,12/1/1999,33.93816,-118.3866,29.7,"LOS ANGELES INTERNATIONAL AIRPORT, CA US",57.5,24,52.5,24,1020.1,23,999.9,0,6.3,24,7.6,23,15.9,19,64, ,53.1, ,0,G,999.9,100000
72295023174,12/2/1999,33.93816,-118.3866,29.7,"LOS ANGELES INTERNATIONAL AIRPORT, CA US",57.1,24,48.2,24,1018.7,24,999.9,0,7.1,24,6.9,23,13,999.9,64, ,48.9, ,0,G,999.9,100000
72295023174,12/3/1999,33.93816,-118.3866,29.7,"LOS ANGELES INTERNATIONAL AIRPORT, CA US",59.7,24,43.2,24,1016.7,24,999.9,0,8.4,24,7.1,23,11.1,15.9,66.9,*,53.1,*,0,G,999.9,100000
72295023174,12/4/1999,33.93816,-118.3866,29.7,"LOS ANGELES INTERNATIONAL AIRPORT, CA US",58.3,24,28.7,24,1020.6,24,999.9,0,7,24,4.2,24,8.9,999.9,70, ,46, ,0,G,999.9,0
72295023174,12/5/1999,33.93816,-118.3866,29.7,"LOS ANGELES INTERNATIONAL AIRPORT, CA US",59,24,23.5,24,1022.8,24,999.9,0,9.8,24,6.5,24,12,999.9,70, ,46, ,0,G,999.9,0
72295023174,12/6/1999,33.93816,-118.3866,29.7,"LOS ANGELES INTERNATIONAL AIRPORT, CA US",56,24,36.5,24,1020.3,24,999.9,0,8.6,24,5.8,23,12,999.9,69.1, ,45, ,0,G,999.9,0
72295023174,12/7/1999,33.93816,-118.3866,29.7,"LOS ANGELES INTERNATIONAL AIRPORT, CA US",55.1,24,27.5,24,1017.5,23,999.9,0,6.2,24,4.6,24,12,999.9,68, ,45, ,0,G,999.9,0
72295023174,12/8/1999,33.93816,-118.3866,29.7,"LOS ANGELES INTERNATIONAL AIRPORT, CA US",59.2,24,26.7,24,1018,24,999.9,0,8.9,24,8.1,24,17.1,21,66.9, ,46, ,0,G,999.9,0
72295023174,12/9/1999,33.93816,-118.3866,29.7,"LOS ANGELES INTERNATIONAL AIRPORT, CA US",57.8,24,25.4,24,1022.6,24,999.9,0,9.5,24,6,24,10.1,999.9,66.9, ,50, ,0,G,999.9,0
72295023174,12/10/1999,33.93816,-118.3866,29.7,"LOS ANGELES INTERNATIONAL AIRPORT, CA US",56.3,24,38.1,24,1016.3,24,999.9,0,9.3,24,10.2,24,21,25.1,64.9, ,50, ,0,G,999.9,0
72295023174,12/11/1999,33.93816,-118.3866,29.7,"LOS ANGELES INTERNATIONAL AIRPORT, CA US",57.3,24,24.1,24,1017.7,24,999.9,0,9.7,24,8.1,24,17.1,20,66.9, ,45, ,0,G,999.9,0
72295023174,12/12/1999,33.93816,-118.3866,29.7,"LOS ANGELES INTERNATIONAL AIRPORT, CA US",56.8,24,31.4,24,1021.9,24,999.9,0,8.7,24,4,24,8,999.9,68, ,44.1, ,0,G,999.9,0
72295023174,12/13/1999,33.93816,-118.3866,29.7,"LOS ANGELES INTERNATIONAL AIRPORT, CA US",54,24,46.7,24,1021.5,23,999.9,0,5.5,24,3.4,24,8.9,999.9,68, ,44.1, ,0,G,999.9,100000
72295023174,12/14/1999,33.93816,-118.3866,29.7,"LOS ANGELES INTERNATIONAL AIRPORT, CA US",54.5,24,44.8,24,1020.5,24,999.9,0,4.6,24,4.3,24,8,15.9,69.1, ,46, ,0,G,999.9,100000
72295023174,12/15/1999,33.93816,-118.3866,29.7,"LOS ANGELES INTERNATIONAL AIRPORT, CA US",59.1,24,17.5,24,1022.9,24,999.9,0,9.7,24,5,24,10.1,999.9,71.1, ,46, ,0,G,999.9,0
72295023174,12/16/1999,33.93816,-118.3866,29.7,"LOS ANGELES INTERNATIONAL AIRPORT, CA US",61.1,24,30.1,24,1021.4,24,999.9,0,9.3,24,4.8,23,10.1,999.9,75, ,46, ,0,G,999.9,0
72295023174,12/17/1999,33.93816,-118.3866,29.7,"LOS ANGELES INTERNATIONAL AIRPORT, CA US",60,24,42,24,1019,24,999.9,0,9,24,5.2,23,10.1,999.9,75.9, ,48, ,0,G,999.9,0
72295023174,12/18/1999,33.93816,-118.3866,29.7,"LOS ANGELES INTERNATIONAL AIRPORT, CA US",59.9,24,42.8,24,1018.5,24,999.9,0,7.7,24,4.4,24,8.9,999.9,75.9, ,50, ,0,G,999.9,0
72295023174,12/19/1999,33.93816,-118.3866,29.7,"LOS ANGELES INTERNATIONAL AIRPORT, CA US",58.7,24,47.4,24,1014.8,23,999.9,0,4.9,24,4.5,22,8.9,14,69.1,*,48,*,0,G,999.9,100000
72295023174,12/20/1999,33.93816,-118.3866,29.7,"LOS ANGELES INTERNATIONAL AIRPORT, CA US",62.6,24,41.8,24,1017.4,24,999.9,0,6.1,24,3.2,24,8,15.9,75, ,46.9, ,0,G,999.9,0
72295023174,12/21/1999,33.93816,-118.3866,29.7,"LOS ANGELES INTERNATIONAL AIRPORT, CA US",60.4,23,41.2,23,1017,23,999.9,0,6.4,23,4.1,23,8.9,999.9,75, ,46.9, ,0,G,999.9,0
72295023174,12/22/1999,33.93816,-118.3866,29.7,"LOS ANGELES INTERNATIONAL AIRPORT, CA US",63.3,24,30.6,24,1020.6,24,999.9,0,8.5,24,6.3,23,14,999.9,72.5,*,59,*,0,G,999.9,0
72295023174,12/23/1999,33.93816,-118.3866,29.7,"LOS ANGELES INTERNATIONAL AIRPORT, CA US",59.8,24,31.3,24,1025.5,23,999.9,0,8.5,24,6,24,12,999.9,70,*,48,*,0,G,999.9,0
72295023174,12/24/1999,33.93816,-118.3866,29.7,"LOS ANGELES INTERNATIONAL AIRPORT, CA US",61.7,24,29.5,24,1027.1,24,999.9,0,8.5,24,4.1,24,8,999.9,82.9, ,46.9, ,0,G,999.9,0
72295023174,12/25/1999,33.93816,-118.3866,29.7,"LOS ANGELES INTERNATIONAL AIRPORT, CA US",61.7,24,27.1,24,1024.1,24,999.9,0,9,24,3.7,24,8,999.9,75.9,*,46.4,*,0,G,999.9,0
72295023174,12/26/1999,33.93816,-118.3866,29.7,"LOS ANGELES INTERNATIONAL AIRPORT, CA US",62.2,24,27.2,24,1023.1,24,999.9,0,9.9,24,4.8,24,8.9,999.9,75.9, ,46.9, ,0,G,999.9,0
72295023174,12/27/1999,33.93816,-118.3866,29.7,"LOS ANGELES INTERNATIONAL AIRPORT, CA US",62.3,24,31.5,24,1025.2,24,999.9,0,8.9,24,3.8,24,8,999.9,73.9, ,50, ,0,G,999.9,0
72295023174,12/28/1999,33.93816,-118.3866,29.7,"LOS ANGELES INTERNATIONAL AIRPORT, CA US",63.9,24,32.6,24,1024.7,24,999.9,0,9.7,24,4.8,24,12,999.9,75.9,*,52,*,0,G,999.9,0
72295023174,12/29/1999,33.93816,-118.3866,29.7,"LOS ANGELES INTERNATIONAL AIRPORT, CA US",59.1,24,33.6,24,1019.9,23,999.9,0,8.6,24,5.5,24,10.1,999.9,75.9, ,48, ,0,G,999.9,0
72295023174,12/30/1999,33.93816,-118.3866,29.7,"LOS ANGELES INTERNATIONAL AIRPORT, CA US",56,24,37.8,22,1018.4,22,999.9,0,4.5,24,4.1,24,10.1,999.9,70, ,46.9, ,0,G,999.9,100000
72295023174,12/31/1999,33.93816,-118.3866,29.7,"LOS ANGELES INTERNATIONAL AIRPORT, CA US",54.8,24,39.7,24,1018.3,20,999.9,0,4.9,24,6.5,24,13,999.9,64, ,46.9, ,0,G,999.9,10000
